timestamp,time,mac_address,rssi,tx_power,rawX,rawY,pos_z,position_calculation_timestamp,position_calculation_status,markers_info
1764640583817,2025-12-02 10:56:23.817,AC:23:3F:26:3E:EF,-83,127,0.6361602374262494,27.033201687889385,1.455821850312141,1764640583817,calculated,
1764640584003,2025-12-02 10:56:24.003,AC:23:3F:26:3E:EF,-84,127,0.6178108731552772,27.00078991114482,1.4498976068564886,1764640584003,calculated,
1764640584005,2025-12-02 10:56:24.005,68:9E:19:03:95:84,-69,127,0.6178108731552772,27.00078991114482,1.4498976068564886,1764640584003,cached,
1764640584091,2025-12-02 10:56:24.091,AC:23:3F:26:3E:F1,-72,127,0.6178108731552772,27.00078991114482,1.4498976068564886,1764640584003,cached,
1764640584165,2025-12-02 10:56:24.165,AC:23:3F:26:3E:EF,-75,127,0.6178108731552772,27.00078991114482,1.4498976068564886,1764640584003,cached,
1764640584174,2025-12-02 10:56:24.174,68:9E:19:03:95:F1,-91,127,0.6178108731552772,27.00078991114482,1.4498976068564886,1764640584003,cached,
1764640584273,2025-12-02 10:56:24.273,68:9E:19:03:95:F1,-79,127,0.6178108731552772,26.97760675319466,1.455821850312141,1764640584273,calculated,
1764640584277,2025-12-02 10:56:24.277,AC:23:3F:26:3E:F2,-84,127,0.6178108731552772,26.97760675319466,1.455821850312141,1764640584273,cached,
1764640584346,2025-12-02 10:56:24.346,68:9E:19:03:95:84,-70,127,0.6178108731552772,26.97760675319466,1.455821850312141,1764640584273,cached,
1764640584364,2025-12-02 10:56:24.364,AC:23:3F:26:3E:F2,-75,127,0.6178108731552772,26.97760675319466,1.455821850312141,1764640584273,cached,
1764640584367,2025-12-02 10:56:24.367,68:9E:19:03:95:84,-68,127,0.6178108731552772,26.97760675319466,1.455821850312141,1764640584273,cached,
1764640584373,2025-12-02 10:56:24.373,AC:23:3F:26:3E:F2,-82,127,0.6178108731552772,26.97760675319466,1.455821850312141,1764640584273,cached,
1764640584376,2025-12-02 10:56:24.376,AC:23:3F:26:3E:F1,-74,127,0.6178108731552772,26.97760675319466,1.455821850312141,1764640584273,cached,
1764640584390,2025-12-02 10:56:24.390,68:9E:19:03:95:F1,-79,127,0.6178108731552772,26.97760675319466,1.455821850312141,1764640584273,cached,
1764640584415,2025-12-02 10:56:24.415,68:9E:19:03:95:84,-70,127,0.6178108731552772,26.97760675319466,1.455821850312141,1764640584273,cached,
1764640584487,2025-12-02 10:56:24.487,68:9E:19:03:95:F1,-79,127,0.6178108731552772,26.97760675319466,1.455821850312141,1764640584273,cached,
1764640584497,2025-12-02 10:56:24.497,AC:23:3F:26:3E:EF,-89,127,0.6178108731552772,26.97760675319466,1.455821850312141,1764640584273,cached,
1764640584521,2025-12-02 10:56:24.521,68:9E:19:03:95:84,-69,127,0.6178108731552772,26.97760675319466,1.455821850312141,1764640584273,cached,
1764640584537,2025-12-02 10:56:24.537,AC:23:3F:26:3E:EF,-77,127,0.6178108731552772,26.97760675319466,1.455821850312141,1764640584273,cached,
1764640584598,2025-12-02 10:56:24.598,AC:23:3F:26:3E:EF,-80,127,0.6178108731552772,26.97222040848522,1.4637857103682177,1764640584598,calculated,
1764640584602,2025-12-02 10:56:24.602,68:9E:19:03:95:F1,-77,127,0.6178108731552772,26.97222040848522,1.4637857103682177,1764640584598,cached,
1764640584636,2025-12-02 10:56:24.636,AC:23:3F:26:3E:F1,-74,127,0.6178108731552772,26.97222040848522,1.4637857103682177,1764640584598,cached,
1764640584687,2025-12-02 10:56:24.687,AC:23:3F:26:3E:EF,-82,127,0.6178108731552772,26.97222040848522,1.4637857103682177,1764640584598,cached,
1764640584709,2025-12-02 10:56:24.709,68:9E:19:03:95:F1,-78,127,0.6178108731552772,26.97222040848522,1.4637857103682177,1764640584598,cached,
1764640584720,2025-12-02 10:56:24.720,68:9E:19:03:95:84,-69,127,0.6178108731552772,26.97222040848522,1.4637857103682177,1764640584598,cached,
1764640584724,2025-12-02 10:56:24.724,AC:23:3F:26:3E:F2,-89,127,0.6178108731552772,26.97222040848522,1.4637857103682177,1764640584598,cached,
1764640584787,2025-12-02 10:56:24.787,AC:23:3F:26:3E:F2,-77,127,0.6178108731552772,26.951180045435596,1.4637857103682177,1764640584787,calculated,
1764640584871,2025-12-02 10:56:24.871,68:9E:19:03:95:84,-72,127,0.6350589499939596,26.912865663800392,1.4788787400849368,1764640584871,calculated,
1764640584907,2025-12-02 10:56:24.907,AC:23:3F:26:3E:F2,-81,127,0.6350589499939596,26.912865663800392,1.4788787400849368,1764640584871,cached,
1764640585026,2025-12-02 10:56:25.026,AC:23:3F:26:3E:F1,-63,127,0.6663486329222912,26.866020523006657,1.4788787400849368,1764640585026,calculated,
1764640585147,2025-12-02 10:56:25.147,68:9E:19:03:95:F1,-78,127,0.6956661327172686,26.840545145405457,1.4813489625173215,1764640585147,calculated,
1764640585152,2025-12-02 10:56:25.152,68:9E:19:03:95:84,-70,127,0.6956661327172686,26.840545145405457,1.4813489625173215,1764640585147,cached,
1764640585251,2025-12-02 10:56:25.251,68:9E:19:03:95:84,-68,127,0.6956661327172686,26.840545145405457,1.4813489625173215,1764640585147,cached,
1764640585292,2025-12-02 10:56:25.292,AC:23:3F:26:3E:EF,-82,127,0.6702837518368969,26.834525265847372,1.4813489625173215,1764640585292,calculated,
1764640585334,2025-12-02 10:56:25.334,68:9E:19:03:95:F1,-75,127,0.6702837518368969,26.834525265847372,1.4813489625173215,1764640585292,cached,
1764640585339,2025-12-02 10:56:25.339,AC:23:3F:26:3E:F1,-65,127,0.6702837518368969,26.834525265847372,1.4813489625173215,1764640585292,cached,
1764640585348,2025-12-02 10:56:25.348,68:9E:19:03:95:84,-71,127,0.6702837518368969,26.834525265847372,1.4813489625173215,1764640585292,cached,
1764640585452,2025-12-02 10:56:25.452,68:9E:19:03:95:F1,-76,127,0.7221042175465668,26.653886069826164,1.4318784731169365,1764640585452,calculated,
1764640585472,2025-12-02 10:56:25.472,68:9E:19:03:95:84,-66,127,0.7221042175465668,26.653886069826164,1.4318784731169365,1764640585452,cached,
1764640585531,2025-12-02 10:56:25.531,AC:23:3F:26:3E:F2,-78,127,0.7221042175465668,26.653886069826164,1.4318784731169365,1764640585452,cached,
1764640585558,2025-12-02 10:56:25.558,68:9E:19:03:95:F1,-81,127,0.7221042175465668,26.653886069826164,1.4318784731169365,1764640585558,calculated,
1764640585587,2025-12-02 10:56:25.587,68:9E:19:03:95:84,-69,127,0.7221042175465668,26.653886069826164,1.4318784731169365,1764640585558,cached,
1764640585610,2025-12-02 10:56:25.610,AC:23:3F:26:3E:F2,-78,127,0.7221042175465668,26.653886069826164,1.4318784731169365,1764640585558,cached,
1764640585623,2025-12-02 10:56:25.623,AC:23:3F:26:3E:F2,-80,127,0.7221042175465668,26.653886069826164,1.4318784731169365,1764640585558,cached,
1764640585665,2025-12-02 10:56:25.665,68:9E:19:03:95:F1,-74,127,0.7215386294166801,26.52310238216834,1.4317304734417293,1764640585665,calculated,
1764640585667,2025-12-02 10:56:25.667,68:9E:19:03:95:84,-69,127,0.7215386294166801,26.52310238216834,1.4317304734417293,1764640585665,cached,
1764640585752,2025-12-02 10:56:25.752,AC:23:3F:26:3E:F1,-67,127,0.7215386294166801,26.52310238216834,1.4317304734417293,1764640585665,cached,
1764640585952,2025-12-02 10:56:25.952,AC:23:3F:26:3E:EF,-75,127,0.7172882378411849,26.48564755392919,1.4262929672924294,1764640585952,calculated,
1764640585976,2025-12-02 10:56:25.976,68:9E:19:03:95:F1,-77,127,0.7172882378411849,26.48564755392919,1.4262929672924294,1764640585952,cached,
1764640586009,2025-12-02 10:56:26.009,AC:23:3F:26:3E:EF,-78,127,0.7172882378411849,26.48564755392919,1.4262929672924294,1764640585952,cached,
1764640586047,2025-12-02 10:56:26.047,AC:23:3F:26:3E:F1,-62,127,0.7172882378411849,26.48564755392919,1.4262929672924294,1764640585952,cached,
1764640586095,2025-12-02 10:56:26.095,AC:23:3F:26:3E:EF,-74,127,0.7221042175465668,26.43911356841651,1.4240039878115958,1764640586095,calculated,
1764640586288,2025-12-02 10:56:26.288,68:9E:19:03:95:84,-91,127,0.7215386294166801,26.43911356841651,1.4240039878115958,1764640586288,calculated,
1764640586290,2025-12-02 10:56:26.290,68:9E:19:03:95:F1,-79,127,0.7215386294166801,26.43911356841651,1.4240039878115958,1764640586288,cached,
1764640586322,2025-12-02 10:56:26.322,AC:23:3F:26:3E:F2,-78,127,0.7215386294166801,26.43911356841651,1.4240039878115958,1764640586288,cached,
1764640586458,2025-12-02 10:56:26.458,AC:23:3F:26:3E:F1,-62,127,0.6812341388712841,26.22791708559966,1.4299900278350102,1764640586458,calculated,
1764640586509,2025-12-02 10:56:26.509,68:9E:19:03:95:F1,-74,127,0.6812341388712841,26.22791708559966,1.4299900278350102,1764640586458,cached,
1764640586511,2025-12-02 10:56:26.511,68:9E:19:03:95:84,-72,127,0.6812341388712841,26.22791708559966,1.4299900278350102,1764640586458,cached,
1764640586636,2025-12-02 10:56:26.636,68:9E:19:03:95:F1,-81,127,0.6764667129510706,26.214308295665393,1.4307251328553297,1764640586636,calculated,
1764640586654,2025-12-02 10:56:26.654,AC:23:3F:26:3E:EF,-70,127,0.6764667129510706,26.214308295665393,1.4307251328553297,1764640586636,cached,
1764640586763,2025-12-02 10:56:26.763,AC:23:3F:26:3E:EF,-72,127,0.6687148654135491,26.147752376929205,1.425824935972622,1764640586763,calculated,
1764640586767,2025-12-02 10:56:26.767,AC:23:3F:26:3E:F1,-70,127,0.6687148654135491,26.147752376929205,1.425824935972622,1764640586763,cached,
1764640586808,2025-12-02 10:56:26.808,AC:23:3F:26:3E:EF,-71,127,0.6687148654135491,26.147752376929205,1.425824935972622,1764640586763,cached,
1764640586841,2025-12-02 10:56:26.841,68:9E:19:03:95:F1,-78,127,0.6687148654135491,26.147752376929205,1.425824935972622,1764640586763,cached,
1764640586844,2025-12-02 10:56:26.844,68:9E:19:03:95:84,-71,127,0.6687148654135491,26.147752376929205,1.425824935972622,1764640586763,cached,
1764640586908,2025-12-02 10:56:26.908,AC:23:3F:26:3E:F1,-70,127,0.6633349562816224,26.130158216734998,1.4270281398948461,1764640586908,calculated,
1764640586934,2025-12-02 10:56:26.934,68:9E:19:03:95:84,-72,127,0.6633349562816224,26.130158216734998,1.4270281398948461,1764640586908,cached,
1764640587002,2025-12-02 10:56:27.002,AC:23:3F:26:3E:F2,-72,127,0.6720353464734423,26.07133965567353,1.4270281398948461,1764640587002,calculated,
1764640587037,2025-12-02 10:56:27.037,AC:23:3F:26:3E:F2,-82,127,0.6720353464734423,26.07133965567353,1.4270281398948461,1764640587002,cached,
1764640587184,2025-12-02 10:56:27.184,AC:23:3F:26:3E:F1,-62,127,0.6726297039753459,26.001923081288034,1.4270281398948461,1764640587184,calculated,
1764640587338,2025-12-02 10:56:27.338,68:9E:19:03:95:F1,-75,127,0.7175883013530446,25.919568654469817,1.4270281398948461,1764640587338,calculated,
1764640587342,2025-12-02 10:56:27.342,68:9E:19:03:95:84,-74,127,0.7175883013530446,25.919568654469817,1.4270281398948461,1764640587338,cached,
1764640587353,2025-12-02 10:56:27.353,AC:23:3F:26:3E:EF,-82,127,0.7175883013530446,25.919568654469817,1.4270281398948461,1764640587338,cached,
1764640587358,2025-12-02 10:56:27.358,AC:23:3F:26:3E:F1,-80,127,0.7175883013530446,25.919568654469817,1.4270281398948461,1764640587338,cached,
1764640587433,2025-12-02 10:56:27.433,AC:23:3F:26:3E:EF,-79,127,0.7175883013530446,25.919568654469817,1.4270281398948461,1764640587338,cached,
1764640587449,2025-12-02 10:56:27.449,68:9E:19:03:95:F1,-74,127,0.7201734931652923,25.862789735812857,1.4283436245472834,1764640587449,calculated,
1764640587457,2025-12-02 10:56:27.457,68:9E:19:03:95:84,-76,127,0.7201734931652923,25.862789735812857,1.4283436245472834,1764640587449,cached,
1764640587462,2025-12-02 10:56:27.462,AC:23:3F:26:3E:F1,-58,127,0.7201734931652923,25.862789735812857,1.4283436245472834,1764640587449,cached,
1764640587518,2025-12-02 10:56:27.518,AC:23:3F:26:3E:EF,-78,127,0.7201734931652923,25.862789735812857,1.4283436245472834,1764640587449,cached,
1764640587623,2025-12-02 10:56:27.623,AC:23:3F:26:3E:F1,-63,127,0.7252608908959104,25.80181209135781,1.4263756649833372,1764640587623,calculated,
1764640587666,2025-12-02 10:56:27.666,68:9E:19:03:95:84,-73,127,0.7252608908959104,25.80181209135781,1.4263756649833372,1764640587623,cached,
1764640587701,2025-12-02 10:56:27.701,AC:23:3F:26:3E:F2,-81,127,0.7252608908959104,25.80181209135781,1.4263756649833372,1764640587623,cached,
1764640587753,2025-12-02 10:56:27.753,AC:23:3F:26:3E:F2,-85,127,0.7330055914816005,25.769802431963672,1.4235642523264624,1764640587753,calculated,
1764640587783,2025-12-02 10:56:27.783,68:9E:19:03:95:F1,-76,127,0.7330055914816005,25.769802431963672,1.4235642523264624,1764640587753,cached,
1764640587904,2025-12-02 10:56:27.904,68:9E:19:03:95:F1,-74,127,0.7252608908959104,25.741791345217738,1.4235642523264624,1764640587904,calculated,
1764640587914,2025-12-02 10:56:27.914,AC:23:3F:26:3E:F1,-67,127,0.7252608908959104,25.741791345217738,1.4235642523264624,1764640587904,cached,
1764640588052,2025-12-02 10:56:28.052,AC:23:3F:26:3E:EF,-71,127,0.7374926364922931,25.702948038120528,1.414640323218962,1764640588052,calculated,
1764640588109,2025-12-02 10:56:28.109,68:9E:19:03:95:F1,-79,127,0.7374926364922931,25.702948038120528,1.414640323218962,1764640588052,cached,
1764640588140,2025-12-02 10:56:28.140,AC:23:3F:26:3E:EF,-81,127,0.7330055914816005,25.69315000388954,1.414640323218962,1764640588140,calculated,
1764640588195,2025-12-02 10:56:28.195,68:9E:19:03:95:84,-72,127,0.7330055914816005,25.69315000388954,1.414640323218962,1764640588140,cached,
1764640588210,2025-12-02 10:56:28.210,68:9E:19:03:95:F1,-86,127,0.7330055914816005,25.69315000388954,1.414640323218962,1764640588140,cached,
1764640588313,2025-12-02 10:56:28.313,68:9E:19:03:95:F1,-86,127,0.7168669865846182,25.618407602457765,1.4012417041321596,1764640588313,calculated,
1764640588362,2025-12-02 10:56:28.362,AC:23:3F:26:3E:F2,-80,127,0.7168669865846182,25.618407602457765,1.4012417041321596,1764640588313,cached,
1764640588364,2025-12-02 10:56:28.364,AC:23:3F:26:3E:F1,-58,127,0.7168669865846182,25.618407602457765,1.4012417041321596,1764640588313,cached,
1764640588400,2025-12-02 10:56:28.400,68:9E:19:03:95:84,-68,127,0.6943567294783968,25.488474663040964,1.4235642523264624,1764640588400,calculated,
1764640588402,2025-12-02 10:56:28.402,AC:23:3F:26:3E:F2,-82,127,0.6943567294783968,25.488474663040964,1.4235642523264624,1764640588400,cached,
1764640588500,2025-12-02 10:56:28.500,AC:23:3F:26:3E:EF,-89,127,0.6943567294783968,25.488474663040964,1.4235642523264624,1764640588400,cached,
1764640588583,2025-12-02 10:56:28.583,68:9E:19:03:95:84,-73,127,0.6890537582913002,25.46621987756584,1.4036330764280192,1764640588583,calculated,
1764640588616,2025-12-02 10:56:28.616,AC:23:3F:26:3E:F1,-63,127,0.6890537582913002,25.46621987756584,1.4036330764280192,1764640588583,cached,
1764640588694,2025-12-02 10:56:28.694,68:9E:19:03:95:84,-70,127,0.6483359590271667,25.368841481036164,1.4263982371243658,1764640588694,calculated,
1764640588731,2025-12-02 10:56:28.731,AC:23:3F:26:3E:F2,-97,127,0.6483359590271667,25.368841481036164,1.4263982371243658,1764640588694,cached,
1764640588817,2025-12-02 10:56:28.817,68:9E:19:03:95:84,-70,127,0.6483359590271667,25.368841481036164,1.4263982371243658,1764640588694,cached,
1764640588827,2025-12-02 10:56:28.827,68:9E:19:03:95:F1,-75,127,0.6483359590271667,25.368841481036164,1.4263982371243658,1764640588694,cached,
1764640588866,2025-12-02 10:56:28.866,AC:23:3F:26:3E:EF,-76,127,0.6483359590271667,25.336738516304717,1.4262211083588778,1764640588866,calculated,
1764640588913,2025-12-02 10:56:28.913,68:9E:19:03:95:84,-70,127,0.6293604713637059,25.306726831015165,1.3964104844313066,1764640588913,calculated,
1764640588936,2025-12-02 10:56:28.936,AC:23:3F:26:3E:EF,-74,127,0.6293604713637059,25.306726831015165,1.3964104844313066,1764640588913,cached,
1764640589048,2025-12-02 10:56:29.048,AC:23:3F:26:3E:F1,-65,127,0.6293604713637059,25.306726831015165,1.3964104844313066,1764640588913,cached,
1764640589159,2025-12-02 10:56:29.159,AC:23:3F:26:3E:F2,-85,127,0.6234852815755944,25.30321236183778,1.4113334207663366,1764640589159,calculated,
1764640589219,2025-12-02 10:56:29.219,68:9E:19:03:95:84,-72,127,0.6293604713637059,25.26894680895689,1.3937810462845177,1764640589219,calculated,
1764640589316,2025-12-02 10:56:29.316,AC:23:3F:26:3E:F1,-75,127,0.6293604713637059,25.26894680895689,1.3937810462845177,1764640589219,cached,
1764640589330,2025-12-02 10:56:29.330,68:9E:19:03:95:84,-96,127,0.6293604713637059,25.26894680895689,1.3937810462845177,1764640589219,cached,
1764640589465,2025-12-02 10:56:29.465,68:9E:19:03:95:F1,-82,127,0.6363314944804741,25.164720345625437,1.3885977579198767,1764640589465,calculated,
1764640589467,2025-12-02 10:56:29.467,AC:23:3F:26:3E:EF,-75,127,0.6363314944804741,25.164720345625437,1.3885977579198767,1764640589465,cached,
1764640589543,2025-12-02 10:56:29.543,68:9E:19:03:95:84,-69,127,0.6363314944804741,25.164720345625437,1.3885977579198767,1764640589465,cached,
1764640589554,2025-12-02 10:56:29.554,68:9E:19:03:95:F1,-79,127,0.6363314944804741,25.164720345625437,1.3885977579198767,1764640589465,cached,
1764640589565,2025-12-02 10:56:29.565,AC:23:3F:26:3E:F1,-60,127,0.6363314944804741,25.164720345625437,1.3885977579198767,1764640589465,cached,
1764640589568,2025-12-02 10:56:29.568,AC:23:3F:26:3E:EF,-75,127,0.6363314944804741,25.164720345625437,1.3885977579198767,1764640589465,cached,
1764640589626,2025-12-02 10:56:29.626,AC:23:3F:26:3E:EF,-72,127,0.6363314944804741,25.164720345625437,1.3885977579198767,1764640589465,cached,
1764640589651,2025-12-02 10:56:29.651,68:9E:19:03:95:84,-69,127,0.6472226623286793,25.137311242719296,1.379506850139881,1764640589651,calculated,
1764640589757,2025-12-02 10:56:29.757,68:9E:19:03:95:84,-68,127,0.6614454488034046,25.039615714117204,1.379506850139881,1764640589757,calculated,
1764640589779,2025-12-02 10:56:29.779,AC:23:3F:26:3E:F1,-57,127,0.6614454488034046,25.039615714117204,1.379506850139881,1764640589757,cached,
1764640589805,2025-12-02 10:56:29.805,AC:23:3F:26:3E:F2,-88,127,0.6614454488034046,25.039615714117204,1.379506850139881,1764640589757,cached,
1764640589883,2025-12-02 10:56:29.883,68:9E:19:03:95:F1,-73,127,0.6614454488034046,25.039615714117204,1.379506850139881,1764640589757,cached,
1764640590040,2025-12-02 10:56:30.040,68:9E:19:03:95:84,-67,127,0.6886039283167342,24.9464763274818,1.3818156726746138,1764640590040,calculated,
1764640590102,2025-12-02 10:56:30.102,68:9E:19:03:95:F1,-78,127,0.6886039283167342,24.9464763274818,1.3818156726746138,1764640590040,cached,
1764640590105,2025-12-02 10:56:30.105,68:9E:19:03:95:84,-67,127,0.6886039283167342,24.9464763274818,1.3818156726746138,1764640590040,cached,
1764640590188,2025-12-02 10:56:30.188,68:9E:19:03:95:F1,-78,127,0.6886039283167342,24.9464763274818,1.3818156726746138,1764640590188,calculated,
1764640590283,2025-12-02 10:56:30.283,68:9E:19:03:95:84,-68,127,0.6904520295360116,24.843634746520465,1.3789284110112543,1764640590283,calculated,
1764640590287,2025-12-02 10:56:30.287,AC:23:3F:26:3E:F1,-55,127,0.6904520295360116,24.843634746520465,1.3789284110112543,1764640590283,cached,
1764640590356,2025-12-02 10:56:30.356,AC:23:3F:26:3E:EF,-81,127,0.6904520295360116,24.843634746520465,1.3789284110112543,1764640590283,cached,
1764640590460,2025-12-02 10:56:30.460,AC:23:3F:26:3E:F2,-73,127,0.6904520295360116,24.80788097181184,1.3789284110112543,1764640590460,calculated,
1764640590477,2025-12-02 10:56:30.477,AC:23:3F:26:3E:F1,-57,127,0.6904520295360116,24.80788097181184,1.3789284110112543,1764640590460,cached,
1764640590490,2025-12-02 10:56:30.490,68:9E:19:03:95:84,-73,127,0.6904520295360116,24.80788097181184,1.3789284110112543,1764640590460,cached,
1764640590566,2025-12-02 10:56:30.566,AC:23:3F:26:3E:F2,-76,127,0.6886039283167342,24.806451222494974,1.3818156726746138,1764640590566,calculated,
1764640590687,2025-12-02 10:56:30.687,68:9E:19:03:95:84,-72,127,0.6886039283167342,24.806451222494974,1.3818156726746138,1764640590566,cached,
1764640590746,2025-12-02 10:56:30.746,AC:23:3F:26:3E:F1,-55,127,0.6886039283167342,24.760776058362843,1.3908454597785829,1764640590746,calculated,
1764640590827,2025-12-02 10:56:30.827,68:9E:19:03:95:F1,-75,127,0.6698343092926617,24.743141393370912,1.3984811344888954,1764640590827,calculated,
1764640590895,2025-12-02 10:56:30.895,68:9E:19:03:95:84,-76,127,0.6698343092926617,24.743141393370912,1.3984811344888954,1764640590827,cached,
1764640591050,2025-12-02 10:56:31.050,68:9E:19:03:95:F1,-88,127,0.6566398674906256,24.594951835873736,1.3984811344888954,1764640591050,calculated,
1764640591068,2025-12-02 10:56:31.068,AC:23:3F:26:3E:EF,-78,127,0.6566398674906256,24.594951835873736,1.3984811344888954,1764640591050,cached,
1764640591109,2025-12-02 10:56:31.109,68:9E:19:03:95:84,-74,127,0.6566398674906256,24.594951835873736,1.3984811344888954,1764640591050,cached,
1764640591168,2025-12-02 10:56:31.168,AC:23:3F:26:3E:F2,-77,127,0.6566398674906256,24.594951835873736,1.3984811344888954,1764640591050,cached,
1764640591184,2025-12-02 10:56:31.184,AC:23:3F:26:3E:F1,-55,127,0.6566398674906256,24.594951835873736,1.3984811344888954,1764640591050,cached,
1764640591246,2025-12-02 10:56:31.246,68:9E:19:03:95:F1,-74,127,0.6289223382608093,24.567475443169958,1.4027301345538852,1764640591246,calculated,
1764640591287,2025-12-02 10:56:31.287,AC:23:3F:26:3E:F2,-75,127,0.6289223382608093,24.567475443169958,1.4027301345538852,1764640591246,cached,
1764640591364,2025-12-02 10:56:31.364,AC:23:3F:26:3E:F1,-67,127,0.6175287739955798,24.478855831326733,1.4126361937231375,1764640591364,calculated,
1764640591457,2025-12-02 10:56:31.457,68:9E:19:03:95:F1,-71,127,0.6175287739955798,24.478855831326733,1.4126361937231375,1764640591364,cached,
1764640591461,2025-12-02 10:56:31.461,AC:23:3F:26:3E:F1,-62,127,0.6175287739955798,24.478855831326733,1.4126361937231375,1764640591364,cached,
1764640591525,2025-12-02 10:56:31.525,68:9E:19:03:95:84,-80,127,0.6175287739955798,24.464927370814006,1.427392820448996,1764640591525,calculated,
1764640591658,2025-12-02 10:56:31.658,68:9E:19:03:95:F1,-75,127,0.6175287739955798,24.464927370814006,1.427392820448996,1764640591658,calculated,
1764640591683,2025-12-02 10:56:31.683,AC:23:3F:26:3E:F1,-57,127,0.6175287739955798,24.464927370814006,1.427392820448996,1764640591658,cached,
1764640591711,2025-12-02 10:56:31.711,AC:23:3F:26:3E:EF,-76,127,0.6175287739955798,24.464927370814006,1.427392820448996,1764640591658,cached,
1764640591737,2025-12-02 10:56:31.737,68:9E:19:03:95:84,-66,127,0.6175287739955798,24.464927370814006,1.427392820448996,1764640591658,cached,
1764640591766,2025-12-02 10:56:31.766,AC:23:3F:26:3E:EF,-80,127,0.6175287739955798,24.464927370814006,1.427392820448996,1764640591658,cached,
1764640591879,2025-12-02 10:56:31.879,AC:23:3F:26:3E:F2,-80,127,0.5677092594183487,24.42855504740627,1.427392820448996,1764640591879,calculated,
1764640591895,2025-12-02 10:56:31.895,AC:23:3F:26:3E:F2,-82,127,0.5677092594183487,24.42855504740627,1.427392820448996,1764640591879,cached,
1764640591901,2025-12-02 10:56:31.901,AC:23:3F:26:3E:F1,-53,127,0.5677092594183487,24.42855504740627,1.427392820448996,1764640591879,cached,
1764640591976,2025-12-02 10:56:31.976,AC:23:3F:26:3E:F2,-69,127,0.5677092594183487,24.42855504740627,1.427392820448996,1764640591879,cached,
1764640592179,2025-12-02 10:56:32.179,68:9E:19:03:95:84,-82,127,0.5677092594183487,24.38668048287076,1.427392820448996,1764640592179,calculated,
1764640592189,2025-12-02 10:56:32.189,AC:23:3F:26:3E:F1,-67,127,0.5677092594183487,24.38668048287076,1.427392820448996,1764640592179,cached,
1764640592212,2025-12-02 10:56:32.212,68:9E:19:03:95:F1,-80,127,0.5677092594183487,24.38668048287076,1.427392820448996,1764640592179,cached,
1764640592256,2025-12-02 10:56:32.256,68:9E:19:03:95:84,-74,127,0.5677092594183487,24.38668048287076,1.427392820448996,1764640592179,cached,
1764640592281,2025-12-02 10:56:32.281,AC:23:3F:26:3E:EF,-78,127,0.5677092594183487,24.38668048287076,1.427392820448996,1764640592179,cached,
1764640592388,2025-12-02 10:56:32.388,AC:23:3F:26:3E:F1,-52,127,0.7208336962986142,24.209804418039,1.3969970967104965,1764640592388,calculated,
1764640592471,2025-12-02 10:56:32.471,AC:23:3F:26:3E:EF,-80,127,0.7273318137968989,24.020966862009306,1.3969970967104965,1764640592471,calculated,
1764640592482,2025-12-02 10:56:32.482,68:9E:19:03:95:84,-84,127,0.7273318137968989,24.020966862009306,1.3969970967104965,1764640592471,cached,
1764640592497,2025-12-02 10:56:32.497,AC:23:3F:26:3E:EF,-92,127,0.7273318137968989,24.020966862009306,1.3969970967104965,1764640592471,cached,
1764640592611,2025-12-02 10:56:32.611,AC:23:3F:26:3E:F1,-55,127,0.7273318137968989,24.005214544731146,1.3892559079976263,1764640592611,calculated,
1764640592677,2025-12-02 10:56:32.677,68:9E:19:03:95:84,-67,127,0.7273318137968989,24.005214544731146,1.3892559079976263,1764640592611,cached,
1764640592691,2025-12-02 10:56:32.691,AC:23:3F:26:3E:F2,-76,127,0.7273318137968989,24.005214544731146,1.3892559079976263,1764640592611,cached,
1764640592790,2025-12-02 10:56:32.790,AC:23:3F:26:3E:F2,-90,127,0.7273318137968989,23.978842972303795,1.3952854153727154,1764640592790,calculated,
1764640592848,2025-12-02 10:56:32.848,68:9E:19:03:95:F1,-81,127,0.7177885454187434,23.93983651083392,1.3892559079976263,1764640592848,calculated,
1764640592886,2025-12-02 10:56:32.886,68:9E:19:03:95:84,-66,127,0.7177885454187434,23.93983651083392,1.3892559079976263,1764640592848,cached,
1764640592895,2025-12-02 10:56:32.895,AC:23:3F:26:3E:F1,-55,127,0.7177885454187434,23.93983651083392,1.3892559079976263,1764640592848,cached,
1764640592937,2025-12-02 10:56:32.937,68:9E:19:03:95:F1,-68,127,0.7177885454187434,23.93983651083392,1.3892559079976263,1764640592848,cached,
1764640593101,2025-12-02 10:56:33.101,68:9E:19:03:95:84,-77,127,0.7177885454187434,23.93983651083392,1.3892559079976263,1764640593101,calculated,
1764640593105,2025-12-02 10:56:33.105,AC:23:3F:26:3E:F1,-55,127,0.7177885454187434,23.93983651083392,1.3892559079976263,1764640593101,cached,
1764640593130,2025-12-02 10:56:33.130,AC:23:3F:26:3E:EF,-84,127,0.7177885454187434,23.93983651083392,1.3892559079976263,1764640593101,cached,
1764640593178,2025-12-02 10:56:33.178,AC:23:3F:26:3E:EF,-91,127,0.6822223210781824,23.763477986983787,1.3952854153727154,1764640593178,calculated,
1764640593315,2025-12-02 10:56:33.315,AC:23:3F:26:3E:F2,-76,127,0.6629189724954134,23.63374706661841,1.396750427162901,1764640593315,calculated,
1764640593331,2025-12-02 10:56:33.331,AC:23:3F:26:3E:F1,-58,127,0.6629189724954134,23.63374706661841,1.396750427162901,1764640593315,cached,
1764640593385,2025-12-02 10:56:33.385,68:9E:19:03:95:F1,-78,127,0.6629189724954134,23.63374706661841,1.396750427162901,1764640593315,cached,
1764640593416,2025-12-02 10:56:33.416,AC:23:3F:26:3E:F2,-76,127,0.6629189724954134,23.63374706661841,1.396750427162901,1764640593315,cached,
1764640593507,2025-12-02 10:56:33.507,68:9E:19:03:95:84,-68,127,0.6629189724954134,23.63374706661841,1.396750427162901,1764640593507,calculated,
1764640593578,2025-12-02 10:56:33.578,68:9E:19:03:95:F1,-70,127,0.6459250528200673,23.56269013407476,1.4042190196197246,1764640593578,calculated,
1764640593721,2025-12-02 10:56:33.721,68:9E:19:03:95:84,-73,127,0.6459250528200673,23.56269013407476,1.4042190196197246,1764640593578,cached,
1764640593816,2025-12-02 10:56:33.816,68:9E:19:03:95:F1,-72,127,0.6409853289003731,23.503866025774606,1.4019880562736382,1764640593816,calculated,
1764640593956,2025-12-02 10:56:33.956,68:9E:19:03:95:84,-75,127,0.6409853289003731,23.503866025774606,1.4019880562736382,1764640593816,cached,
1764640593997,2025-12-02 10:56:33.997,AC:23:3F:26:3E:F2,-73,127,0.6409853289003731,23.503866025774606,1.4019880562736382,1764640593816,cached,
1764640594016,2025-12-02 10:56:34.016,68:9E:19:03:95:F1,-72,127,0.6310587619344965,23.44880386734646,1.3973108172818818,1764640594016,calculated,
1764640594030,2025-12-02 10:56:34.030,AC:23:3F:26:3E:F2,-74,127,0.6310587619344965,23.44880386734646,1.3973108172818818,1764640594016,cached,
1764640594060,2025-12-02 10:56:34.060,AC:23:3F:26:3E:F1,-61,127,0.6310587619344965,23.44880386734646,1.3973108172818818,1764640594016,cached,
1764640594106,2025-12-02 10:56:34.106,AC:23:3F:26:3E:F2,-74,127,0.6310587619344965,23.44880386734646,1.3973108172818818,1764640594106,calculated,
1764640594164,2025-12-02 10:56:34.164,68:9E:19:03:95:84,-64,127,0.6310587619344965,23.44880386734646,1.3973108172818818,1764640594106,cached,
1764640594259,2025-12-02 10:56:34.259,68:9E:19:03:95:84,-73,127,0.6310587619344965,23.44880386734646,1.3973108172818818,1764640594106,cached,
1764640594376,2025-12-02 10:56:34.376,68:9E:19:03:95:84,-65,127,0.6710365346151612,23.161053998885826,1.3973108172818818,1764640594376,calculated,
1764640594413,2025-12-02 10:56:34.413,AC:23:3F:26:3E:EF,-77,127,0.6710365346151612,23.161053998885826,1.3973108172818818,1764640594376,cached,
1764640594429,2025-12-02 10:56:34.429,68:9E:19:03:95:F1,-69,127,0.6710365346151612,23.161053998885826,1.3973108172818818,1764640594376,cached,
1764640594565,2025-12-02 10:56:34.565,AC:23:3F:26:3E:EF,-80,127,0.6710365346151612,23.161053998885826,1.3973108172818818,1764640594565,calculated,
1764640594594,2025-12-02 10:56:34.594,68:9E:19:03:95:84,-67,127,0.6710365346151612,23.161053998885826,1.3973108172818818,1764640594565,cached,
1764640594611,2025-12-02 10:56:34.611,AC:23:3F:26:3E:EF,-79,127,0.6710365346151612,23.161053998885826,1.3973108172818818,1764640594565,cached,
1764640594658,2025-12-02 10:56:34.658,68:9E:19:03:95:F1,-76,127,0.6828142603864633,23.102365074560378,1.3973108172818818,1764640594658,calculated,
1764640594676,2025-12-02 10:56:34.676,68:9E:19:03:95:84,-67,127,0.6828142603864633,23.102365074560378,1.3973108172818818,1764640594658,cached,
1764640594683,2025-12-02 10:56:34.683,AC:23:3F:26:3E:F2,-89,127,0.6828142603864633,23.102365074560378,1.3973108172818818,1764640594658,cached,
1764640594745,2025-12-02 10:56:34.745,68:9E:19:03:95:F1,-72,127,0.6828142603864633,23.102365074560378,1.3973108172818818,1764640594658,cached,
1764640594755,2025-12-02 10:56:34.755,AC:23:3F:26:3E:F1,-61,127,0.6828142603864633,23.102365074560378,1.3973108172818818,1764640594658,cached,
1764640594812,2025-12-02 10:56:34.812,AC:23:3F:26:3E:F2,-83,127,0.6855249353337163,23.07184593405305,1.3961112177955926,1764640594812,calculated,
1764640594915,2025-12-02 10:56:34.915,68:9E:19:03:95:84,-73,127,0.6828142603864633,23.04515076368088,1.3961112177955926,1764640594915,calculated,
1764640595010,2025-12-02 10:56:35.010,68:9E:19:03:95:84,-71,127,0.6828142603864633,23.04515076368088,1.3961112177955926,1764640594915,cached,
1764640595034,2025-12-02 10:56:35.034,AC:23:3F:26:3E:F1,-56,127,0.6828142603864633,23.04515076368088,1.3961112177955926,1764640594915,cached,
1764640595069,2025-12-02 10:56:35.069,68:9E:19:03:95:F1,-68,127,0.6828142603864633,23.04515076368088,1.3961112177955926,1764640594915,cached,
1764640595282,2025-12-02 10:56:35.282,68:9E:19:03:95:F1,-73,127,0.681199826217719,22.98939648192355,1.4000044446545594,1764640595282,calculated,
1764640595313,2025-12-02 10:56:35.313,AC:23:3F:26:3E:EF,-86,127,0.681199826217719,22.98939648192355,1.4000044446545594,1764640595282,cached,
1764640595319,2025-12-02 10:56:35.319,AC:23:3F:26:3E:EF,-78,127,0.681199826217719,22.98939648192355,1.4000044446545594,1764640595282,cached,
1764640595366,2025-12-02 10:56:35.366,AC:23:3F:26:3E:F1,-65,127,0.681199826217719,22.955604290600508,1.4101358718797574,1764640595366,calculated,
1764640595412,2025-12-02 10:56:35.412,AC:23:3F:26:3E:F2,-71,127,0.681199826217719,22.955604290600508,1.4101358718797574,1764640595366,cached,
1764640595471,2025-12-02 10:56:35.471,AC:23:3F:26:3E:F1,-58,127,0.6741202204294856,22.826681022962358,1.4120906160570184,1764640595471,calculated,
1764640595506,2025-12-02 10:56:35.506,AC:23:3F:26:3E:F2,-81,127,0.6741202204294856,22.826681022962358,1.4120906160570184,1764640595471,cached,
1764640595516,2025-12-02 10:56:35.516,68:9E:19:03:95:84,-71,127,0.6741202204294856,22.826681022962358,1.4120906160570184,1764640595471,cached,
1764640595596,2025-12-02 10:56:35.596,68:9E:19:03:95:F1,-71,127,0.6741202204294856,22.826681022962358,1.4120906160570184,1764640595471,cached,
1764640595745,2025-12-02 10:56:35.745,68:9E:19:03:95:84,-75,127,0.6456061980638992,22.712093663571665,1.4158274979222,1764640595745,calculated,
1764640595755,2025-12-02 10:56:35.755,AC:23:3F:26:3E:F1,-56,127,0.6456061980638992,22.712093663571665,1.4158274979222,1764640595745,cached,
1764640595794,2025-12-02 10:56:35.794,68:9E:19:03:95:F1,-80,127,0.6456061980638992,22.712093663571665,1.4158274979222,1764640595745,cached,
1764640595811,2025-12-02 10:56:35.811,AC:23:3F:26:3E:EF,-77,127,0.6456061980638992,22.712093663571665,1.4158274979222,1764640595745,cached,
1764640596007,2025-12-02 10:56:36.007,AC:23:3F:26:3E:EF,-75,127,0.6195434429992779,22.642036904676132,1.4185529858493073,1764640596007,calculated,
1764640596012,2025-12-02 10:56:36.012,68:9E:19:03:95:F1,-68,127,0.6195434429992779,22.642036904676132,1.4185529858493073,1764640596007,cached,
1764640596024,2025-12-02 10:56:36.024,AC:23:3F:26:3E:EF,-88,127,0.6195434429992779,22.642036904676132,1.4185529858493073,1764640596007,cached,
1764640596096,2025-12-02 10:56:36.096,AC:23:3F:26:3E:F2,-84,127,0.6195434429992779,22.642036904676132,1.4185529858493073,1764640596007,cached,
1764640596136,2025-12-02 10:56:36.136,AC:23:3F:26:3E:F2,-73,127,0.6195434429992779,22.642036904676132,1.4185529858493073,1764640596007,cached,
1764640596149,2025-12-02 10:56:36.149,68:9E:19:03:95:84,-70,127,0.6195434429992779,22.642036904676132,1.4185529858493073,1764640596007,cached,
1764640596193,2025-12-02 10:56:36.193,AC:23:3F:26:3E:F1,-58,127,0.617792834368639,22.571591310190467,1.4185529858493073,1764640596193,calculated,
1764640596211,2025-12-02 10:56:36.211,AC:23:3F:26:3E:F2,-73,127,0.617792834368639,22.571591310190467,1.4185529858493073,1764640596193,cached,
1764640596384,2025-12-02 10:56:36.384,68:9E:19:03:95:84,-72,127,0.6195434429992779,22.566898255713838,1.4185529858493073,1764640596384,calculated,
1764640596411,2025-12-02 10:56:36.411,68:9E:19:03:95:F1,-68,127,0.6195434429992779,22.566898255713838,1.4185529858493073,1764640596384,cached,
1764640596470,2025-12-02 10:56:36.470,AC:23:3F:26:3E:F1,-51,127,0.6194393430430369,22.468004954055,1.4107148748268872,1764640596470,calculated,
1764640596498,2025-12-02 10:56:36.498,AC:23:3F:26:3E:EF,-92,127,0.6339278341326571,22.451241653119567,1.4115561915014694,1764640596498,calculated,
1764640596548,2025-12-02 10:56:36.548,AC:23:3F:26:3E:EF,-76,127,0.6339278341326571,22.451241653119567,1.4115561915014694,1764640596498,cached,
1764640596579,2025-12-02 10:56:36.579,68:9E:19:03:95:84,-74,127,0.6339278341326571,22.451241653119567,1.4115561915014694,1764640596498,cached,
1764640596723,2025-12-02 10:56:36.723,AC:23:3F:26:3E:EF,-77,127,0.6441756004694708,22.329951008891328,1.4107148748268872,1764640596723,calculated,
1764640596769,2025-12-02 10:56:36.769,68:9E:19:03:95:84,-80,127,0.6441756004694708,22.329951008891328,1.4107148748268872,1764640596723,cached,
1764640596799,2025-12-02 10:56:36.799,AC:23:3F:26:3E:F2,-84,127,0.6641813328066892,22.290969844093674,1.4115561915014694,1764640596799,calculated,
1764640596850,2025-12-02 10:56:36.850,68:9E:19:03:95:F1,-68,127,0.6641813328066892,22.290969844093674,1.4115561915014694,1764640596799,cached,
1764640596901,2025-12-02 10:56:36.901,68:9E:19:03:95:84,-73,127,0.6641813328066892,22.290969844093674,1.4115561915014694,1764640596799,cached,
1764640596913,2025-12-02 10:56:36.913,AC:23:3F:26:3E:F1,-55,127,0.6641813328066892,22.290969844093674,1.4115561915014694,1764640596799,cached,
1764640596921,2025-12-02 10:56:36.921,AC:23:3F:26:3E:F2,-75,127,0.6641813328066892,22.290969844093674,1.4115561915014694,1764640596799,cached,
1764640596928,2025-12-02 10:56:36.928,68:9E:19:03:95:F1,-81,127,0.6641813328066892,22.290969844093674,1.4115561915014694,1764640596799,cached,
1764640597107,2025-12-02 10:56:37.107,68:9E:19:03:95:84,-68,127,0.6759477602534988,22.218739600301475,1.4132164154113696,1764640597107,calculated,
1764640597145,2025-12-02 10:56:37.145,68:9E:19:03:95:F1,-78,127,0.6759477602534988,22.218739600301475,1.4132164154113696,1764640597107,cached,
1764640597213,2025-12-02 10:56:37.213,AC:23:3F:26:3E:F1,-48,127,0.6759477602534988,22.218739600301475,1.4132164154113696,1764640597107,cached,
1764640597223,2025-12-02 10:56:37.223,AC:23:3F:26:3E:EF,-78,127,0.6759477602534988,22.218739600301475,1.4132164154113696,1764640597107,cached,
1764640597423,2025-12-02 10:56:37.423,AC:23:3F:26:3E:EF,-93,127,0.6759477602534988,22.155039379249665,1.4132164154113696,1764640597423,calculated,
1764640597441,2025-12-02 10:56:37.441,AC:23:3F:26:3E:EF,-92,127,0.6759477602534988,22.155039379249665,1.4132164154113696,1764640597423,cached,
1764640597457,2025-12-02 10:56:37.457,68:9E:19:03:95:F1,-71,127,0.6759477602534988,22.155039379249665,1.4132164154113696,1764640597423,cached,
1764640597487,2025-12-02 10:56:37.487,AC:23:3F:26:3E:F2,-79,127,0.6759477602534988,22.155039379249665,1.4132164154113696,1764640597423,cached,
1764640597563,2025-12-02 10:56:37.563,68:9E:19:03:95:F1,-70,127,0.6759477602534988,22.127400505795244,1.4132164154113696,1764640597563,calculated,
1764640597614,2025-12-02 10:56:37.614,AC:23:3F:26:3E:F1,-55,127,0.6652132585481865,22.084608589125175,1.4183091113127129,1764640597614,calculated,
1764640597644,2025-12-02 10:56:37.644,AC:23:3F:26:3E:F2,-84,127,0.6652132585481865,22.084608589125175,1.4183091113127129,1764640597614,cached,
1764640597699,2025-12-02 10:56:37.699,68:9E:19:03:95:F1,-66,127,0.6652132585481865,22.084608589125175,1.4183091113127129,1764640597614,cached,
1764640597924,2025-12-02 10:56:37.924,68:9E:19:03:95:84,-71,127,0.6281597660699267,21.89975167925897,1.4243616935908112,1764640597924,calculated,
1764640597954,2025-12-02 10:56:37.954,AC:23:3F:26:3E:EF,-74,127,0.6281597660699267,21.89975167925897,1.4243616935908112,1764640597924,cached,
1764640597996,2025-12-02 10:56:37.996,68:9E:19:03:95:F1,-65,127,0.6281597660699267,21.89975167925897,1.4243616935908112,1764640597924,cached,
1764640598129,2025-12-02 10:56:38.129,AC:23:3F:26:3E:EF,-81,127,0.6080226685211643,21.820166587473363,1.424026814112267,1764640598129,calculated,
1764640598135,2025-12-02 10:56:38.135,68:9E:19:03:95:84,-69,127,0.6080226685211643,21.820166587473363,1.424026814112267,1764640598129,cached,
1764640598171,2025-12-02 10:56:38.171,AC:23:3F:26:3E:EF,-79,127,0.6080226685211643,21.820166587473363,1.424026814112267,1764640598129,cached,
1764640598188,2025-12-02 10:56:38.188,AC:23:3F:26:3E:F2,-82,127,0.6080226685211643,21.820166587473363,1.424026814112267,1764640598129,cached,
1764640598209,2025-12-02 10:56:38.209,68:9E:19:03:95:F1,-74,127,0.6080226685211643,21.820166587473363,1.424026814112267,1764640598129,cached,
1764640598275,2025-12-02 10:56:38.275,AC:23:3F:26:3E:F2,-85,127,0.6080226685211643,21.820166587473363,1.424026814112267,1764640598129,cached,
1764640598321,2025-12-02 10:56:38.321,AC:23:3F:26:3E:F1,-54,127,0.5899049912666654,21.78546318248555,1.4248325050898794,1764640598321,calculated,
1764640598325,2025-12-02 10:56:38.325,AC:23:3F:26:3E:F2,-76,127,0.5899049912666654,21.78546318248555,1.4248325050898794,1764640598321,cached,
1764640598368,2025-12-02 10:56:38.368,68:9E:19:03:95:84,-84,127,0.5899049912666654,21.78546318248555,1.4248325050898794,1764640598321,cached,
1764640598449,2025-12-02 10:56:38.449,68:9E:19:03:95:F1,-71,127,0.5907730470239481,21.740513907957695,1.4225812769099158,1764640598449,calculated,
1764640598460,2025-12-02 10:56:38.460,68:9E:19:03:95:84,-66,127,0.5907730470239481,21.740513907957695,1.4225812769099158,1764640598449,cached,
1764640598524,2025-12-02 10:56:38.524,68:9E:19:03:95:F1,-72,127,0.5907730470239481,21.740513907957695,1.4225812769099158,1764640598449,cached,
1764640598568,2025-12-02 10:56:38.568,68:9E:19:03:95:84,-70,127,0.5907730470239481,21.740513907957695,1.4225812769099158,1764640598449,cached,
1764640598641,2025-12-02 10:56:38.641,AC:23:3F:26:3E:F1,-71,127,0.5863278086244802,21.712416490127286,1.4175989328544902,1764640598641,calculated,
1764640598666,2025-12-02 10:56:38.666,68:9E:19:03:95:F1,-71,127,0.5863278086244802,21.712416490127286,1.4175989328544902,1764640598641,cached,
1764640598683,2025-12-02 10:56:38.683,AC:23:3F:26:3E:EF,-71,127,0.5907730470239481,21.65457404082001,1.4175989328544902,1764640598683,calculated,
1764640598697,2025-12-02 10:56:38.697,68:9E:19:03:95:84,-68,127,0.5907730470239481,21.65457404082001,1.4175989328544902,1764640598683,cached,
1764640598741,2025-12-02 10:56:38.741,AC:23:3F:26:3E:F1,-50,127,0.5907730470239481,21.65457404082001,1.4175989328544902,1764640598683,cached,
1764640598758,2025-12-02 10:56:38.758,68:9E:19:03:95:84,-71,127,0.5907730470239481,21.65457404082001,1.4175989328544902,1764640598683,cached,
1764640598828,2025-12-02 10:56:38.828,68:9E:19:03:95:F1,-71,127,0.5907730470239481,21.65457404082001,1.4175989328544902,1764640598683,cached,
1764640598834,2025-12-02 10:56:38.834,AC:23:3F:26:3E:EF,-74,127,0.5907730470239481,21.65457404082001,1.4175989328544902,1764640598683,cached,
1764640598858,2025-12-02 10:56:38.858,AC:23:3F:26:3E:EF,-73,127,0.6010387705723503,21.633605850192787,1.4175989328544902,1764640598858,calculated,
1764640598872,2025-12-02 10:56:38.872,68:9E:19:03:95:84,-80,127,0.6010387705723503,21.633605850192787,1.4175989328544902,1764640598858,cached,
1764640598888,2025-12-02 10:56:38.888,AC:23:3F:26:3E:F2,-80,127,0.6010387705723503,21.633605850192787,1.4175989328544902,1764640598858,cached,
1764640598952,2025-12-02 10:56:38.952,68:9E:19:03:95:F1,-73,127,0.6019983266766125,21.591908313159134,1.4148378752701811,1764640598952,calculated,
1764640598982,2025-12-02 10:56:38.982,AC:23:3F:26:3E:F2,-77,127,0.6019983266766125,21.591908313159134,1.4148378752701811,1764640598952,cached,
1764640598990,2025-12-02 10:56:38.990,68:9E:19:03:95:84,-60,127,0.6019983266766125,21.591908313159134,1.4148378752701811,1764640598952,cached,
1764640599035,2025-12-02 10:56:39.035,AC:23:3F:26:3E:F1,-58,127,0.6019983266766125,21.591908313159134,1.4148378752701811,1764640598952,cached,
1764640599050,2025-12-02 10:56:39.050,AC:23:3F:26:3E:F2,-79,127,0.6019983266766125,21.591908313159134,1.4148378752701811,1764640598952,cached,
1764640599175,2025-12-02 10:56:39.175,68:9E:19:03:95:F1,-76,127,0.6072270441775138,21.49909734881845,1.4148378752701811,1764640599175,calculated,
1764640599189,2025-12-02 10:56:39.189,68:9E:19:03:95:84,-62,127,0.6072270441775138,21.49909734881845,1.4148378752701811,1764640599175,cached,
1764640599274,2025-12-02 10:56:39.274,68:9E:19:03:95:F1,-74,127,0.6128838227191407,21.49909734881845,1.4148378752701811,1764640599274,calculated,
1764640599394,2025-12-02 10:56:39.394,AC:23:3F:26:3E:F1,-63,127,0.6128838227191407,21.49909734881845,1.4148378752701811,1764640599274,cached,
1764640599438,2025-12-02 10:56:39.438,68:9E:19:03:95:84,-66,127,0.6522222786368346,21.383447309249718,1.4110450559019254,1764640599438,calculated,
1764640599469,2025-12-02 10:56:39.469,68:9E:19:03:95:F1,-73,127,0.6522222786368346,21.383447309249718,1.4110450559019254,1764640599438,cached,
1764640599558,2025-12-02 10:56:39.558,AC:23:3F:26:3E:EF,-72,127,0.6523042838408339,21.383447309249718,1.409467252129032,1764640599558,calculated,
1764640599675,2025-12-02 10:56:39.675,AC:23:3F:26:3E:F2,-78,127,0.6831669434869703,21.315641469056022,1.4010523876744767,1764640599675,calculated,
1764640599685,2025-12-02 10:56:39.685,68:9E:19:03:95:F1,-71,127,0.6831669434869703,21.315641469056022,1.4010523876744767,1764640599675,cached,
1764640599738,2025-12-02 10:56:39.738,AC:23:3F:26:3E:F2,-80,127,0.6831669434869703,21.315641469056022,1.4010523876744767,1764640599675,cached,
1764640599751,2025-12-02 10:56:39.751,AC:23:3F:26:3E:F1,-47,127,0.6831669434869703,21.315641469056022,1.4010523876744767,1764640599675,cached,
1764640599830,2025-12-02 10:56:39.830,68:9E:19:03:95:84,-68,127,0.7023444680273165,21.252015075853716,1.3733567915906257,1764640599830,calculated,
1764640599888,2025-12-02 10:56:39.888,68:9E:19:03:95:F1,-81,127,0.7023444680273165,21.252015075853716,1.3733567915906257,1764640599830,cached,
1764640600040,2025-12-02 10:56:40.040,68:9E:19:03:95:84,-66,127,0.706970163821137,21.189223430553174,1.3805301522723077,1764640600040,calculated,
1764640600089,2025-12-02 10:56:40.089,AC:23:3F:26:3E:EF,-70,127,0.706970163821137,21.189223430553174,1.3805301522723077,1764640600089,calculated,
1764640600092,2025-12-02 10:56:40.092,AC:23:3F:26:3E:F1,-48,127,0.706970163821137,21.189223430553174,1.3805301522723077,1764640600089,cached,
1764640600114,2025-12-02 10:56:40.114,68:9E:19:03:95:F1,-78,127,0.706970163821137,21.189223430553174,1.3805301522723077,1764640600089,cached,
1764640600256,2025-12-02 10:56:40.256,AC:23:3F:26:3E:EF,-79,127,0.6908618986748716,21.038511945694403,1.4040946726818162,1764640600256,calculated,
1764640600307,2025-12-02 10:56:40.307,68:9E:19:03:95:F1,-75,127,0.6908618986748716,21.038511945694403,1.4040946726818162,1764640600256,cached,
1764640600386,2025-12-02 10:56:40.386,AC:23:3F:26:3E:F2,-77,127,0.6757307558228605,20.91222105200199,1.420454799149019,1764640600386,calculated,
1764640600404,2025-12-02 10:56:40.404,68:9E:19:03:95:F1,-74,127,0.6757307558228605,20.91222105200199,1.420454799149019,1764640600386,cached,
1764640600508,2025-12-02 10:56:40.508,AC:23:3F:26:3E:EF,-85,127,0.6757307558228605,20.91222105200199,1.420454799149019,1764640600508,calculated,
1764640600519,2025-12-02 10:56:40.519,68:9E:19:03:95:F1,-75,127,0.6757307558228605,20.91222105200199,1.420454799149019,1764640600508,cached,
1764640600750,2025-12-02 10:56:40.750,AC:23:3F:26:3E:F1,-45,127,0.6757307558228605,20.87863729032814,1.420454799149019,1764640600750,calculated,
1764640600768,2025-12-02 10:56:40.768,68:9E:19:03:95:84,-63,127,0.6757307558228605,20.87863729032814,1.420454799149019,1764640600750,cached,
1764640600771,2025-12-02 10:56:40.771,AC:23:3F:26:3E:F2,-93,127,0.6757307558228605,20.87863729032814,1.420454799149019,1764640600750,cached,
1764640600863,2025-12-02 10:56:40.863,68:9E:19:03:95:84,-67,127,0.660620206721513,20.85225361493924,1.4270521836540102,1764640600863,calculated,
1764640600945,2025-12-02 10:56:40.945,68:9E:19:03:95:F1,-67,127,0.6583043723699145,20.804347250664115,1.420454799149019,1764640600945,calculated,
1764640600955,2025-12-02 10:56:40.955,AC:23:3F:26:3E:EF,-71,127,0.6583043723699145,20.804347250664115,1.420454799149019,1764640600945,cached,
1764640601009,2025-12-02 10:56:41.009,68:9E:19:03:95:84,-64,127,0.6583043723699145,20.804347250664115,1.420454799149019,1764640600945,cached,
1764640601015,2025-12-02 10:56:41.015,AC:23:3F:26:3E:EF,-72,127,0.6583043723699145,20.804347250664115,1.420454799149019,1764640600945,cached,
1764640601017,2025-12-02 10:56:41.017,AC:23:3F:26:3E:F2,-80,127,0.6583043723699145,20.804347250664115,1.420454799149019,1764640600945,cached,
1764640601037,2025-12-02 10:56:41.037,68:9E:19:03:95:F1,-67,127,0.6583043723699145,20.804347250664115,1.420454799149019,1764640600945,cached,
1764640601091,2025-12-02 10:56:41.091,AC:23:3F:26:3E:F2,-82,127,0.6565414127377314,20.804347250664115,1.4242810766175822,1764640601091,calculated,
1764640601164,2025-12-02 10:56:41.164,AC:23:3F:26:3E:F2,-77,127,0.6565414127377314,20.804347250664115,1.4242810766175822,1764640601164,calculated,
1764640601196,2025-12-02 10:56:41.196,AC:23:3F:26:3E:F1,-51,127,0.6565414127377314,20.804347250664115,1.4242810766175822,1764640601164,cached,
1764640601202,2025-12-02 10:56:41.202,68:9E:19:03:95:84,-69,127,0.6565414127377314,20.804347250664115,1.4242810766175822,1764640601164,cached,
1764640601255,2025-12-02 10:56:41.255,68:9E:19:03:95:F1,-73,127,0.6565414127377314,20.804347250664115,1.4242810766175822,1764640601164,cached,
1764640601407,2025-12-02 10:56:41.407,68:9E:19:03:95:84,-72,127,0.6778407975751695,20.628942152809714,1.4207722111186516,1764640601407,calculated,
1764640601456,2025-12-02 10:56:41.456,68:9E:19:03:95:F1,-78,127,0.6796709178565632,20.50844976454349,1.4162913756121545,1764640601456,calculated,
1764640601474,2025-12-02 10:56:41.474,AC:23:3F:26:3E:F1,-60,127,0.6796709178565632,20.50844976454349,1.4162913756121545,1764640601456,cached,
1764640601602,2025-12-02 10:56:41.602,68:9E:19:03:95:84,-69,127,0.6796709178565632,20.50844976454349,1.4162913756121545,1764640601456,cached,
1764640601663,2025-12-02 10:56:41.663,68:9E:19:03:95:F1,-75,127,0.7143170020781259,20.482515853904182,1.4182386473504003,1764640601663,calculated,
1764640601702,2025-12-02 10:56:41.702,AC:23:3F:26:3E:EF,-76,127,0.7173243469591977,20.40336492178885,1.4166067103304314,1764640601702,calculated,
1764640601705,2025-12-02 10:56:41.705,AC:23:3F:26:3E:F2,-87,127,0.7173243469591977,20.40336492178885,1.4166067103304314,1764640601702,cached,
1764640601751,2025-12-02 10:56:41.751,68:9E:19:03:95:84,-62,127,0.7173243469591977,20.40336492178885,1.4166067103304314,1764640601702,cached,
1764640601773,2025-12-02 10:56:41.773,68:9E:19:03:95:F1,-82,127,0.7173243469591977,20.40336492178885,1.4166067103304314,1764640601702,cached,
1764640601806,2025-12-02 10:56:41.806,AC:23:3F:26:3E:F2,-86,127,0.7173243469591977,20.40336492178885,1.4166067103304314,1764640601702,cached,
1764640601845,2025-12-02 10:56:41.845,68:9E:19:03:95:84,-63,127,0.7173243469591977,20.40336492178885,1.4166067103304314,1764640601702,cached,
1764640601867,2025-12-02 10:56:41.867,AC:23:3F:26:3E:F2,-81,127,0.7173243469591977,20.40336492178885,1.4166067103304314,1764640601702,cached,
1764640601885,2025-12-02 10:56:41.885,68:9E:19:03:95:F1,-69,127,0.7173243469591977,20.40336492178885,1.4166067103304314,1764640601702,cached,
1764640601890,2025-12-02 10:56:41.890,AC:23:3F:26:3E:F1,-51,127,0.7173243469591977,20.40336492178885,1.4166067103304314,1764640601702,cached,
1764640602017,2025-12-02 10:56:42.017,68:9E:19:03:95:F1,-72,127,0.7184732397890784,20.352873329840882,1.4171462678042008,1764640602017,calculated,
1764640602035,2025-12-02 10:56:42.035,68:9E:19:03:95:84,-64,127,0.7184732397890784,20.352873329840882,1.4171462678042008,1764640602017,cached,
1764640602108,2025-12-02 10:56:42.108,68:9E:19:03:95:F1,-68,127,0.7184732397890784,20.352873329840882,1.4171462678042008,1764640602017,cached,
1764640602187,2025-12-02 10:56:42.187,AC:23:3F:26:3E:EF,-83,127,0.7308351401104172,20.31284003922249,1.4171462678042008,1764640602187,calculated,
1764640602209,2025-12-02 10:56:42.209,68:9E:19:03:95:F1,-65,127,0.7059409714138108,20.297946535852486,1.4171462678042008,1764640602209,calculated,
1764640602276,2025-12-02 10:56:42.276,AC:23:3F:26:3E:F1,-50,127,0.7059409714138108,20.297946535852486,1.4171462678042008,1764640602209,cached,
1764640602281,2025-12-02 10:56:42.281,68:9E:19:03:95:84,-65,127,0.7059409714138108,20.297946535852486,1.4171462678042008,1764640602209,cached,
1764640602352,2025-12-02 10:56:42.352,AC:23:3F:26:3E:F1,-52,127,0.7059409714138108,20.297946535852486,1.4171462678042008,1764640602209,cached,
1764640602362,2025-12-02 10:56:42.362,68:9E:19:03:95:84,-71,127,0.7059409714138108,20.297946535852486,1.4171462678042008,1764640602209,cached,
1764640602389,2025-12-02 10:56:42.389,AC:23:3F:26:3E:F2,-85,127,0.7059409714138108,20.297946535852486,1.4171462678042008,1764640602209,cached,
1764640602422,2025-12-02 10:56:42.422,AC:23:3F:26:3E:EF,-86,127,0.7059409714138108,20.297946535852486,1.4171462678042008,1764640602209,cached,
1764640602453,2025-12-02 10:56:42.453,68:9E:19:03:95:84,-62,127,0.6827257185255565,20.203302876692096,1.4161491901925587,1764640602453,calculated,
1764640602560,2025-12-02 10:56:42.560,AC:23:3F:26:3E:F2,-86,127,0.6827257185255565,20.203302876692096,1.4161491901925587,1764640602453,cached,
1764640602614,2025-12-02 10:56:42.614,68:9E:19:03:95:F1,-78,127,0.6827257185255565,20.179559369489727,1.4161491901925587,1764640602614,calculated,
1764640602666,2025-12-02 10:56:42.666,68:9E:19:03:95:84,-63,127,0.6827257185255565,20.179559369489727,1.4161491901925587,1764640602614,cached,
1764640602823,2025-12-02 10:56:42.823,68:9E:19:03:95:F1,-68,127,0.6467898483829084,20.08362893555208,1.4161491901925587,1764640602823,calculated,
1764640602890,2025-12-02 10:56:42.890,68:9E:19:03:95:84,-67,127,0.6520778435266359,20.066611672230348,1.4107436303465164,1764640602890,calculated,
1764640602904,2025-12-02 10:56:42.904,AC:23:3F:26:3E:F1,-60,127,0.6520778435266359,20.066611672230348,1.4107436303465164,1764640602890,cached,
1764640602960,2025-12-02 10:56:42.960,AC:23:3F:26:3E:F1,-59,127,0.6417174550180468,19.99322013401592,1.4088592331791925,1764640602960,calculated,
1764640603116,2025-12-02 10:56:43.116,AC:23:3F:26:3E:EF,-96,127,0.6417174550180468,19.899885179786708,1.408446248945072,1764640603116,calculated,
1764640603137,2025-12-02 10:56:43.137,68:9E:19:03:95:84,-60,127,0.6417174550180468,19.899885179786708,1.408446248945072,1764640603116,cached,
1764640603139,2025-12-02 10:56:43.139,AC:23:3F:26:3E:F2,-75,127,0.6417174550180468,19.899885179786708,1.408446248945072,1764640603116,cached,
1764640603141,2025-12-02 10:56:43.141,AC:23:3F:26:3E:EF,-76,127,0.6417174550180468,19.899885179786708,1.408446248945072,1764640603116,cached,
1764640603230,2025-12-02 10:56:43.230,68:9E:19:03:95:F1,-75,127,0.6520778435266359,19.887120824534747,1.408446248945072,1764640603230,calculated,
1764640603264,2025-12-02 10:56:43.264,AC:23:3F:26:3E:F2,-77,127,0.6520778435266359,19.887120824534747,1.408446248945072,1764640603230,cached,
1764640603354,2025-12-02 10:56:43.354,68:9E:19:03:95:84,-74,127,0.6540026585817303,19.779273498234847,1.4052710614276687,1764640603354,calculated,
1764640603364,2025-12-02 10:56:43.364,AC:23:3F:26:3E:F1,-50,127,0.6540026585817303,19.779273498234847,1.4052710614276687,1764640603354,cached,
1764640603400,2025-12-02 10:56:43.400,AC:23:3F:26:3E:F1,-63,127,0.6540026585817303,19.779273498234847,1.4052710614276687,1764640603354,cached,
1764640603451,2025-12-02 10:56:43.451,68:9E:19:03:95:F1,-70,127,0.6540026585817303,19.779273498234847,1.4052710614276687,1764640603354,cached,
1764640603606,2025-12-02 10:56:43.606,68:9E:19:03:95:84,-67,127,0.6674431102011247,19.77631982098449,1.4009930617653577,1764640603606,calculated,
1764640603608,2025-12-02 10:56:43.608,AC:23:3F:26:3E:F1,-54,127,0.6674431102011247,19.77631982098449,1.4009930617653577,1764640603606,cached,
1764640603672,2025-12-02 10:56:43.672,68:9E:19:03:95:F1,-71,127,0.6760683242512353,19.676603583454227,1.4046257740268757,1764640603672,calculated,
1764640603682,2025-12-02 10:56:43.682,AC:23:3F:26:3E:F1,-54,127,0.6760683242512353,19.676603583454227,1.4046257740268757,1764640603672,cached,
1764640603714,2025-12-02 10:56:43.714,68:9E:19:03:95:84,-71,127,0.6760683242512353,19.676603583454227,1.4046257740268757,1764640603672,cached,
1764640603785,2025-12-02 10:56:43.785,68:9E:19:03:95:F1,-69,127,0.6760683242512353,19.676603583454227,1.4046257740268757,1764640603672,cached,
1764640603798,2025-12-02 10:56:43.798,AC:23:3F:26:3E:EF,-78,127,0.6760683242512353,19.676603583454227,1.4046257740268757,1764640603672,cached,
1764640603801,2025-12-02 10:56:43.801,AC:23:3F:26:3E:F2,-79,127,0.6760683242512353,19.676603583454227,1.4046257740268757,1764640603672,cached,
1764640603918,2025-12-02 10:56:43.918,68:9E:19:03:95:84,-74,127,0.679535063959076,19.606406131419572,1.397928133657067,1764640603918,calculated,
1764640603928,2025-12-02 10:56:43.928,AC:23:3F:26:3E:F2,-84,127,0.679535063959076,19.606406131419572,1.397928133657067,1764640603918,cached,
1764640603962,2025-12-02 10:56:43.962,68:9E:19:03:95:F1,-72,127,0.679535063959076,19.606406131419572,1.397928133657067,1764640603918,cached,
1764640603985,2025-12-02 10:56:43.985,AC:23:3F:26:3E:F2,-83,127,0.679535063959076,19.606406131419572,1.397928133657067,1764640603918,cached,
1764640604017,2025-12-02 10:56:44.017,68:9E:19:03:95:84,-75,127,0.679535063959076,19.606406131419572,1.397928133657067,1764640603918,cached,
1764640604023,2025-12-02 10:56:44.023,AC:23:3F:26:3E:F1,-57,127,0.679535063959076,19.606406131419572,1.397928133657067,1764640603918,cached,
1764640604211,2025-12-02 10:56:44.211,68:9E:19:03:95:F1,-74,127,0.6717020696165252,19.479887066494083,1.3926899955685001,1764640604211,calculated,
1764640604295,2025-12-02 10:56:44.295,68:9E:19:03:95:84,-66,127,0.6717020696165252,19.479887066494083,1.3926899955685001,1764640604211,cached,
1764640604301,2025-12-02 10:56:44.301,AC:23:3F:26:3E:EF,-81,127,0.6717020696165252,19.479887066494083,1.3926899955685001,1764640604211,cached,
1764640604336,2025-12-02 10:56:44.336,AC:23:3F:26:3E:F1,-52,127,0.6717020696165252,19.479887066494083,1.3926899955685001,1764640604211,cached,
1764640604370,2025-12-02 10:56:44.370,AC:23:3F:26:3E:F1,-53,127,0.6717020696165252,19.460677947084825,1.3926899955685001,1764640604370,calculated,
1764640604402,2025-12-02 10:56:44.402,68:9E:19:03:95:F1,-73,127,0.6717020696165252,19.460677947084825,1.3926899955685001,1764640604370,cached,
1764640604464,2025-12-02 10:56:44.464,68:9E:19:03:95:84,-63,127,0.6524690297456763,19.31875973333711,1.4055593904197736,1764640604464,calculated,
1764640604552,2025-12-02 10:56:44.552,AC:23:3F:26:3E:F2,-79,127,0.6524690297456763,19.31875973333711,1.4055593904197736,1764640604464,cached,
1764640604559,2025-12-02 10:56:44.559,AC:23:3F:26:3E:EF,-74,127,0.6524690297456763,19.31875973333711,1.4055593904197736,1764640604464,cached,
1764640604613,2025-12-02 10:56:44.613,68:9E:19:03:95:F1,-83,127,0.6524690297456763,19.31875973333711,1.4055593904197736,1764640604464,cached,
1764640604666,2025-12-02 10:56:44.666,68:9E:19:03:95:84,-72,127,0.6472377384584616,19.313488561203574,1.4055593904197736,1764640604666,calculated,
1764640604678,2025-12-02 10:56:44.678,AC:23:3F:26:3E:F2,-90,127,0.6472377384584616,19.313488561203574,1.4055593904197736,1764640604666,cached,
1764640604775,2025-12-02 10:56:44.775,68:9E:19:03:95:F1,-83,127,0.6296840067213751,19.257333843910658,1.4053213869225136,1764640604775,calculated,
1764640604816,2025-12-02 10:56:44.816,AC:23:3F:26:3E:F1,-58,127,0.6296840067213751,19.257333843910658,1.4053213869225136,1764640604775,cached,
1764640604886,2025-12-02 10:56:44.886,68:9E:19:03:95:84,-74,127,0.6296840067213751,19.257333843910658,1.4053213869225136,1764640604775,cached,
1764640604928,2025-12-02 10:56:44.928,68:9E:19:03:95:F1,-67,127,0.624198206550215,19.225186009920503,1.4053213869225136,1764640604928,calculated,
1764640605048,2025-12-02 10:56:45.048,68:9E:19:03:95:F1,-75,127,0.624198206550215,19.174429260015803,1.4053213869225136,1764640605048,calculated,
1764640605062,2025-12-02 10:56:45.062,AC:23:3F:26:3E:F1,-64,127,0.624198206550215,19.174429260015803,1.4053213869225136,1764640605048,cached,
1764640605079,2025-12-02 10:56:45.079,68:9E:19:03:95:84,-59,127,0.624198206550215,19.174429260015803,1.4053213869225136,1764640605048,cached,
1764640605095,2025-12-02 10:56:45.095,AC:23:3F:26:3E:F1,-69,127,0.624198206550215,19.174429260015803,1.4053213869225136,1764640605048,cached,
1764640605199,2025-12-02 10:56:45.199,AC:23:3F:26:3E:F2,-88,127,0.6127844375317727,19.147267608096662,1.4049278464732315,1764640605199,calculated,
1764640605235,2025-12-02 10:56:45.235,AC:23:3F:26:3E:EF,-80,127,0.6127844375317727,19.147267608096662,1.4049278464732315,1764640605199,cached,
1764640605253,2025-12-02 10:56:45.253,68:9E:19:03:95:F1,-72,127,0.6127844375317727,19.147267608096662,1.4049278464732315,1764640605199,cached,
1764640605280,2025-12-02 10:56:45.280,AC:23:3F:26:3E:EF,-80,127,0.6271446232647981,19.077934252829397,1.4053213869225136,1764640605280,calculated,
1764640605334,2025-12-02 10:56:45.334,68:9E:19:03:95:84,-65,127,0.6271446232647981,19.077934252829397,1.4053213869225136,1764640605280,cached,
1764640605383,2025-12-02 10:56:45.383,68:9E:19:03:95:F1,-69,127,0.6271446232647981,19.077934252829397,1.4053213869225136,1764640605280,cached,
1764640605399,2025-12-02 10:56:45.399,AC:23:3F:26:3E:F2,-73,127,0.6271446232647981,19.077934252829397,1.4053213869225136,1764640605280,cached,
1764640605434,2025-12-02 10:56:45.434,68:9E:19:03:95:F1,-66,127,0.6271446232647981,19.077934252829397,1.4053213869225136,1764640605280,cached,
1764640605457,2025-12-02 10:56:45.457,AC:23:3F:26:3E:F1,-61,127,0.6271446232647981,19.077934252829397,1.4053213869225136,1764640605280,cached,
1764640605498,2025-12-02 10:56:45.498,68:9E:19:03:95:84,-61,127,0.6288955345286793,19.05770514096277,1.4049278464732315,1764640605498,calculated,
1764640605663,2025-12-02 10:56:45.663,68:9E:19:03:95:F1,-70,127,0.6432235447594203,18.949432515008535,1.4053213869225136,1764640605663,calculated,
1764640605702,2025-12-02 10:56:45.702,68:9E:19:03:95:84,-61,127,0.6432235447594203,18.949432515008535,1.4053213869225136,1764640605663,cached,
1764640605749,2025-12-02 10:56:45.749,68:9E:19:03:95:F1,-63,127,0.6546625880455257,18.929831192936216,1.409737101561362,1764640605749,calculated,
1764640605755,2025-12-02 10:56:45.755,AC:23:3F:26:3E:F1,-88,127,0.6546625880455257,18.929831192936216,1.409737101561362,1764640605749,cached,
1764640605809,2025-12-02 10:56:45.809,68:9E:19:03:95:84,-59,127,0.6546625880455257,18.929831192936216,1.409737101561362,1764640605749,cached,
1764640605913,2025-12-02 10:56:45.913,AC:23:3F:26:3E:F2,-81,127,0.6586949776658543,18.83731929682974,1.4049278464732315,1764640605913,calculated,
1764640605922,2025-12-02 10:56:45.922,AC:23:3F:26:3E:EF,-81,127,0.6586949776658543,18.83731929682974,1.4049278464732315,1764640605913,cached,
1764640605973,2025-12-02 10:56:45.973,AC:23:3F:26:3E:EF,-76,127,0.6586949776658543,18.83731929682974,1.4049278464732315,1764640605913,cached,
1764640606011,2025-12-02 10:56:46.011,68:9E:19:03:95:84,-76,127,0.6586949776658543,18.83731929682974,1.4049278464732315,1764640605913,cached,
1764640606066,2025-12-02 10:56:46.066,AC:23:3F:26:3E:F2,-73,127,0.6659699673204205,18.81967191475946,1.4072248784079624,1764640606066,calculated,
1764640606072,2025-12-02 10:56:46.072,68:9E:19:03:95:F1,-62,127,0.6659699673204205,18.81967191475946,1.4072248784079624,1764640606066,cached,
1764640606097,2025-12-02 10:56:46.097,AC:23:3F:26:3E:F2,-72,127,0.6586949776658543,18.720584165888944,1.4067651917190358,1764640606097,calculated,
1764640606162,2025-12-02 10:56:46.162,AC:23:3F:26:3E:F1,-64,127,0.6586949776658543,18.720584165888944,1.4067651917190358,1764640606097,cached,
1764640606223,2025-12-02 10:56:46.223,68:9E:19:03:95:84,-69,127,0.6586949776658543,18.720584165888944,1.4067651917190358,1764640606097,cached,
1764640606267,2025-12-02 10:56:46.267,68:9E:19:03:95:F1,-64,127,0.6586949776658543,18.715983109254328,1.4067651917190358,1764640606267,calculated,
1764640606428,2025-12-02 10:56:46.428,68:9E:19:03:95:84,-62,127,0.6586949776658543,18.598581654469736,1.4067651917190358,1764640606428,calculated,
1764640606476,2025-12-02 10:56:46.476,AC:23:3F:26:3E:F1,-66,127,0.6586949776658543,18.598581654469736,1.4067651917190358,1764640606428,cached,
1764640606487,2025-12-02 10:56:46.487,68:9E:19:03:95:F1,-63,127,0.6586949776658543,18.598581654469736,1.4067651917190358,1764640606428,cached,
1764640606526,2025-12-02 10:56:46.526,AC:23:3F:26:3E:F1,-66,127,0.6586949776658543,18.598581654469736,1.4067651917190358,1764640606428,cached,
1764640606595,2025-12-02 10:56:46.595,68:9E:19:03:95:F1,-78,127,0.6586949776658543,18.598581654469736,1.4067651917190358,1764640606595,calculated,
1764640606750,2025-12-02 10:56:46.750,68:9E:19:03:95:84,-77,127,0.6586949776658543,18.598581654469736,1.4067651917190358,1764640606750,calculated,
1764640606856,2025-12-02 10:56:46.856,68:9E:19:03:95:84,-71,127,0.6326696735148702,18.48285606339317,1.4103604245229677,1764640606856,calculated,
1764640606963,2025-12-02 10:56:46.963,68:9E:19:03:95:84,-69,127,0.6228053267352839,18.468102853988974,1.4067651917190358,1764640606963,calculated,
1764640607031,2025-12-02 10:56:47.031,68:9E:19:03:95:F1,-62,127,0.6228053267352839,18.468102853988974,1.4067651917190358,1764640606963,cached,
1764640607068,2025-12-02 10:56:47.068,68:9E:19:03:95:84,-65,127,0.6228053267352839,18.468102853988974,1.4067651917190358,1764640606963,cached,
1764640607116,2025-12-02 10:56:47.116,68:9E:19:03:95:F1,-66,127,0.6030762200468041,18.35865822038606,1.4103604245229677,1764640607116,calculated,
1764640607186,2025-12-02 10:56:47.186,AC:23:3F:26:3E:F1,-74,127,0.6030762200468041,18.35865822038606,1.4103604245229677,1764640607116,cached,
1764640607223,2025-12-02 10:56:47.223,68:9E:19:03:95:F1,-69,127,0.6030762200468041,18.35865822038606,1.4103604245229677,1764640607116,cached,
1764640607288,2025-12-02 10:56:47.288,AC:23:3F:26:3E:F2,-78,127,0.6030762200468041,18.35865822038606,1.4103604245229677,1764640607288,calculated,
1764640607326,2025-12-02 10:56:47.326,68:9E:19:03:95:F1,-80,127,0.6030762200468041,18.35865822038606,1.4103604245229677,1764640607288,cached,
1764640607351,2025-12-02 10:56:47.351,AC:23:3F:26:3E:EF,-71,127,0.6030762200468041,18.35865822038606,1.4103604245229677,1764640607288,cached,
1764640607404,2025-12-02 10:56:47.404,AC:23:3F:26:3E:F1,-84,127,0.6030762200468041,18.263667205768044,1.4103604245229677,1764640607404,calculated,
1764640607471,2025-12-02 10:56:47.471,AC:23:3F:26:3E:F2,-78,127,0.6030762200468041,18.263667205768044,1.4103604245229677,1764640607404,cached,
1764640607503,2025-12-02 10:56:47.503,AC:23:3F:26:3E:F2,-75,127,0.6030762200468041,18.263667205768044,1.4103604245229677,1764640607404,cached,
1764640607539,2025-12-02 10:56:47.539,68:9E:19:03:95:F1,-62,127,0.6030762200468041,18.263667205768044,1.4103604245229677,1764640607539,calculated,
1764640607592,2025-12-02 10:56:47.592,AC:23:3F:26:3E:F1,-80,127,0.6030762200468041,18.263667205768044,1.4103604245229677,1764640607539,cached,
1764640607695,2025-12-02 10:56:47.695,68:9E:19:03:95:84,-71,127,0.6030762200468041,18.263667205768044,1.4103604245229677,1764640607539,cached,
1764640607902,2025-12-02 10:56:47.902,AC:23:3F:26:3E:F1,-66,127,0.6881126190387357,17.940687995453324,1.4061592360867436,1764640607902,calculated,
1764640607961,2025-12-02 10:56:47.961,AC:23:3F:26:3E:F1,-64,127,0.6991399432238796,17.889687624231637,1.4061592360867436,1764640607961,calculated,
1764640607994,2025-12-02 10:56:47.994,AC:23:3F:26:3E:F2,-81,127,0.6991399432238796,17.889687624231637,1.4061592360867436,1764640607961,cached,
1764640608098,2025-12-02 10:56:48.098,AC:23:3F:26:3E:EF,-76,127,0.6903852328168738,17.876853062622303,1.4224648631485985,1764640608098,calculated,
1764640608116,2025-12-02 10:56:48.116,AC:23:3F:26:3E:EF,-74,127,0.6903852328168738,17.876853062622303,1.4224648631485985,1764640608098,cached,
1764640608119,2025-12-02 10:56:48.119,68:9E:19:03:95:84,-68,127,0.6903852328168738,17.876853062622303,1.4224648631485985,1764640608098,cached,
1764640608181,2025-12-02 10:56:48.181,AC:23:3F:26:3E:F2,-71,127,0.6903852328168738,17.876853062622303,1.4224648631485985,1764640608098,cached,
1764640608231,2025-12-02 10:56:48.231,68:9E:19:03:95:84,-70,127,0.6903852328168738,17.876853062622303,1.4224648631485985,1764640608098,cached,
1764640608307,2025-12-02 10:56:48.307,AC:23:3F:26:3E:F1,-70,127,0.6903852328168738,17.834934155915683,1.4224648631485985,1764640608307,calculated,
1764640608378,2025-12-02 10:56:48.378,68:9E:19:03:95:F1,-64,127,0.6881126190387357,17.762709939551844,1.4245840977821465,1764640608378,calculated,
1764640608591,2025-12-02 10:56:48.591,68:9E:19:03:95:F1,-72,127,0.6881126190387357,17.750118826263783,1.4245840977821465,1764640608591,calculated,
1764640608621,2025-12-02 10:56:48.621,AC:23:3F:26:3E:F1,-67,127,0.6492523109546129,17.60464029982612,1.4245840977821465,1764640608621,calculated,
1764640608702,2025-12-02 10:56:48.702,AC:23:3F:26:3E:F1,-68,127,0.6492523109546129,17.60464029982612,1.4245840977821465,1764640608621,cached,
1764640608717,2025-12-02 10:56:48.717,68:9E:19:03:95:F1,-65,127,0.6492523109546129,17.60464029982612,1.4245840977821465,1764640608621,cached,
1764640608719,2025-12-02 10:56:48.719,AC:23:3F:26:3E:F2,-74,127,0.6492523109546129,17.60464029982612,1.4245840977821465,1764640608621,cached,
1764640608793,2025-12-02 10:56:48.793,68:9E:19:03:95:F1,-68,127,0.6492523109546129,17.57459540088571,1.4245840977821465,1764640608793,calculated,
1764640608829,2025-12-02 10:56:48.829,AC:23:3F:26:3E:EF,-81,127,0.6492523109546129,17.57459540088571,1.4245840977821465,1764640608793,cached,
1764640608919,2025-12-02 10:56:48.919,68:9E:19:03:95:F1,-62,127,0.6451154407654813,17.55573465291812,1.4245840977821465,1764640608919,calculated,
1764640608926,2025-12-02 10:56:48.926,AC:23:3F:26:3E:F2,-87,127,0.6451154407654813,17.55573465291812,1.4245840977821465,1764640608919,cached,
1764640608994,2025-12-02 10:56:48.994,68:9E:19:03:95:84,-69,127,0.6451154407654813,17.55573465291812,1.4245840977821465,1764640608919,cached,
1764640609007,2025-12-02 10:56:49.007,AC:23:3F:26:3E:F1,-73,127,0.6451154407654813,17.55573465291812,1.4245840977821465,1764640608919,cached,
1764640609121,2025-12-02 10:56:49.121,68:9E:19:03:95:F1,-60,127,0.6451154407654813,17.537013076134617,1.4296013377513912,1764640609121,calculated,
1764640609182,2025-12-02 10:56:49.182,68:9E:19:03:95:84,-67,127,0.6378080378423079,17.45767602242783,1.4296013377513912,1764640609182,calculated,
1764640609223,2025-12-02 10:56:49.223,68:9E:19:03:95:F1,-68,127,0.6378080378423079,17.45767602242783,1.4296013377513912,1764640609182,cached,
1764640609312,2025-12-02 10:56:49.312,68:9E:19:03:95:F1,-67,127,0.6378080378423079,17.377321777686657,1.4296013377513912,1764640609312,calculated,
1764640609341,2025-12-02 10:56:49.341,AC:23:3F:26:3E:F1,-81,127,0.6378080378423079,17.377321777686657,1.4296013377513912,1764640609312,cached,
1764640609380,2025-12-02 10:56:49.380,68:9E:19:03:95:84,-66,127,0.6378080378423079,17.377321777686657,1.4296013377513912,1764640609312,cached,
1764640609388,2025-12-02 10:56:49.388,AC:23:3F:26:3E:F2,-71,127,0.6378080378423079,17.377321777686657,1.4296013377513912,1764640609312,cached,
1764640609437,2025-12-02 10:56:49.437,68:9E:19:03:95:F1,-70,127,0.6378080378423079,17.377321777686657,1.4296013377513912,1764640609312,cached,
1764640609514,2025-12-02 10:56:49.514,AC:23:3F:26:3E:EF,-93,127,0.6501345606771609,17.310517789326298,1.4239930036201722,1764640609514,calculated,
1764640609540,2025-12-02 10:56:49.540,68:9E:19:03:95:F1,-64,127,0.6501345606771609,17.310517789326298,1.4239930036201722,1764640609514,cached,
1764640609543,2025-12-02 10:56:49.543,AC:23:3F:26:3E:EF,-78,127,0.6501345606771609,17.310517789326298,1.4239930036201722,1764640609514,cached,
1764640609587,2025-12-02 10:56:49.587,68:9E:19:03:95:84,-91,127,0.6501345606771609,17.310517789326298,1.4239930036201722,1764640609514,cached,
1764640609625,2025-12-02 10:56:49.625,AC:23:3F:26:3E:F2,-75,127,0.650199272974401,17.252272418709527,1.420315458686434,1764640609625,calculated,
1764640609725,2025-12-02 10:56:49.725,AC:23:3F:26:3E:F1,-77,127,0.6799172518561418,17.18834381246169,1.418110061043916,1764640609725,calculated,
1764640609762,2025-12-02 10:56:49.762,68:9E:19:03:95:F1,-63,127,0.6799172518561418,17.18834381246169,1.418110061043916,1764640609725,cached,
1764640609795,2025-12-02 10:56:49.795,68:9E:19:03:95:84,-73,127,0.6799172518561418,17.18834381246169,1.418110061043916,1764640609725,cached,
1764640609902,2025-12-02 10:56:49.902,68:9E:19:03:95:84,-73,127,0.6821896120005227,17.18802866798227,1.418110061043916,1764640609902,calculated,
1764640609907,2025-12-02 10:56:49.907,AC:23:3F:26:3E:EF,-83,127,0.6821896120005227,17.18802866798227,1.418110061043916,1764640609902,cached,
1764640610044,2025-12-02 10:56:50.044,68:9E:19:03:95:F1,-65,127,0.6902542605773639,17.163568577157683,1.4118860459374978,1764640610044,calculated,
1764640610066,2025-12-02 10:56:50.066,AC:23:3F:26:3E:F1,-70,127,0.6902542605773639,17.163568577157683,1.4118860459374978,1764640610044,cached,
1764640610119,2025-12-02 10:56:50.119,68:9E:19:03:95:84,-71,127,0.6902542605773639,17.163568577157683,1.4118860459374978,1764640610044,cached,
1764640610240,2025-12-02 10:56:50.240,AC:23:3F:26:3E:EF,-82,127,0.6994262446040038,17.115234273719672,1.4093912734322822,1764640610240,calculated,
1764640610267,2025-12-02 10:56:50.267,68:9E:19:03:95:F1,-64,127,0.6994262446040038,17.104159270032234,1.4038428427692775,1764640610267,calculated,
1764640610311,2025-12-02 10:56:50.311,AC:23:3F:26:3E:F2,-72,127,0.6994262446040038,17.104159270032234,1.4038428427692775,1764640610267,cached,
1764640610339,2025-12-02 10:56:50.339,68:9E:19:03:95:84,-67,127,0.6994262446040038,17.104159270032234,1.4038428427692775,1764640610267,cached,
1764640610341,2025-12-02 10:56:50.341,AC:23:3F:26:3E:F2,-74,127,0.6994262446040038,17.104159270032234,1.4038428427692775,1764640610267,cached,
1764640610464,2025-12-02 10:56:50.464,68:9E:19:03:95:F1,-70,127,0.7026422994423716,17.069253310815455,1.4022267137099254,1764640610464,calculated,
1764640610546,2025-12-02 10:56:50.546,68:9E:19:03:95:84,-67,127,0.6948428490733802,16.944081141258025,1.4090247494703128,1764640610546,calculated,
1764640610602,2025-12-02 10:56:50.602,AC:23:3F:26:3E:EF,-69,127,0.6948428490733802,16.944081141258025,1.4090247494703128,1764640610546,cached,
1764640610676,2025-12-02 10:56:50.676,68:9E:19:03:95:F1,-61,127,0.6948428490733802,16.944081141258025,1.4090247494703128,1764640610546,cached,
1764640610750,2025-12-02 10:56:50.750,68:9E:19:03:95:84,-78,127,0.6915491371642579,16.916249852578396,1.4090247494703128,1764640610750,calculated,
1764640610876,2025-12-02 10:56:50.876,AC:23:3F:26:3E:EF,-71,127,0.6768739762864403,16.82110970999656,1.4218626872681337,1764640610876,calculated,
1764640610887,2025-12-02 10:56:50.887,68:9E:19:03:95:F1,-66,127,0.6768739762864403,16.82110970999656,1.4218626872681337,1764640610876,cached,
1764640610961,2025-12-02 10:56:50.961,AC:23:3F:26:3E:EF,-69,127,0.6768739762864403,16.82110970999656,1.4218626872681337,1764640610876,cached,
1764640611109,2025-12-02 10:56:51.109,68:9E:19:03:95:F1,-67,127,0.6438260368258457,16.72165000701183,1.4208493776241622,1764640611109,calculated,
1764640611162,2025-12-02 10:56:51.162,AC:23:3F:26:3E:F1,-74,127,0.6438260368258457,16.72165000701183,1.4208493776241622,1764640611109,cached,
1764640611179,2025-12-02 10:56:51.179,68:9E:19:03:95:84,-70,127,0.6438260368258457,16.72165000701183,1.4208493776241622,1764640611109,cached,
1764640611379,2025-12-02 10:56:51.379,68:9E:19:03:95:84,-78,127,0.627509400090048,16.649056529636532,1.4218626872681337,1764640611379,calculated,
1764640611433,2025-12-02 10:56:51.433,AC:23:3F:26:3E:F1,-90,127,0.627509400090048,16.649056529636532,1.4218626872681337,1764640611379,cached,
1764640611436,2025-12-02 10:56:51.436,AC:23:3F:26:3E:F1,-74,127,0.627509400090048,16.649056529636532,1.4218626872681337,1764640611379,cached,
1764640611478,2025-12-02 10:56:51.478,AC:23:3F:26:3E:F1,-70,127,0.627509400090048,16.649056529636532,1.4218626872681337,1764640611379,cached,
1764640611484,2025-12-02 10:56:51.484,AC:23:3F:26:3E:F2,-74,127,0.627509400090048,16.649056529636532,1.4218626872681337,1764640611379,cached,
1764640611526,2025-12-02 10:56:51.526,68:9E:19:03:95:F1,-63,127,0.6218909336861776,16.620407934060715,1.4135787880808641,1764640611526,calculated,
1764640611586,2025-12-02 10:56:51.586,68:9E:19:03:95:84,-72,127,0.6218909336861776,16.620407934060715,1.4135787880808641,1764640611526,cached,
1764640611610,2025-12-02 10:56:51.610,AC:23:3F:26:3E:EF,-71,127,0.6218909336861776,16.620407934060715,1.4135787880808641,1764640611526,cached,
1764640611639,2025-12-02 10:56:51.639,68:9E:19:03:95:F1,-58,127,0.6246121275066785,16.53956793049012,1.419376644251014,1764640611639,calculated,
1764640611679,2025-12-02 10:56:51.679,AC:23:3F:26:3E:EF,-73,127,0.6246121275066785,16.53956793049012,1.419376644251014,1764640611639,cached,
1764640611705,2025-12-02 10:56:51.705,68:9E:19:03:95:84,-70,127,0.6246121275066785,16.53956793049012,1.419376644251014,1764640611639,cached,
1764640611761,2025-12-02 10:56:51.761,AC:23:3F:26:3E:F2,-70,127,0.6246121275066785,16.53956793049012,1.419376644251014,1764640611639,cached,
1764640611846,2025-12-02 10:56:51.846,68:9E:19:03:95:F1,-62,127,0.6246121275066785,16.524039566091375,1.419376644251014,1764640611846,calculated,
1764640611863,2025-12-02 10:56:51.863,AC:23:3F:26:3E:F1,-88,127,0.6246121275066785,16.524039566091375,1.419376644251014,1764640611846,cached,
1764640611918,2025-12-02 10:56:51.918,68:9E:19:03:95:84,-78,127,0.647923518598333,16.40508288605095,1.4133858241975301,1764640611918,calculated,
1764640612011,2025-12-02 10:56:52.011,68:9E:19:03:95:84,-78,127,0.647923518598333,16.40508288605095,1.4133858241975301,1764640611918,cached,
1764640612038,2025-12-02 10:56:52.038,AC:23:3F:26:3E:EF,-67,127,0.647923518598333,16.40508288605095,1.4133858241975301,1764640611918,cached,
1764640612154,2025-12-02 10:56:52.154,68:9E:19:03:95:F1,-67,127,0.6663352081883281,16.38470511751085,1.412067100847894,1764640612154,calculated,
1764640612191,2025-12-02 10:56:52.191,AC:23:3F:26:3E:F2,-69,127,0.6663352081883281,16.38470511751085,1.412067100847894,1764640612154,cached,
1764640612205,2025-12-02 10:56:52.205,AC:23:3F:26:3E:F1,-69,127,0.6663352081883281,16.38470511751085,1.412067100847894,1764640612154,cached,
1764640612229,2025-12-02 10:56:52.229,68:9E:19:03:95:84,-74,127,0.6663352081883281,16.38470511751085,1.412067100847894,1764640612154,cached,
1764640612288,2025-12-02 10:56:52.288,AC:23:3F:26:3E:EF,-69,127,0.6663352081883281,16.38470511751085,1.412067100847894,1764640612154,cached,
1764640612392,2025-12-02 10:56:52.392,AC:23:3F:26:3E:EF,-68,127,0.6806722709134695,16.30643779077925,1.4031171486573435,1764640612392,calculated,
1764640612459,2025-12-02 10:56:52.459,AC:23:3F:26:3E:F2,-66,127,0.6849114480852424,16.264938234301574,1.390670300035763,1764640612459,calculated,
1764640612521,2025-12-02 10:56:52.521,AC:23:3F:26:3E:EF,-91,127,0.6849114480852424,16.264938234301574,1.390670300035763,1764640612459,cached,
1764640612537,2025-12-02 10:56:52.537,68:9E:19:03:95:84,-71,127,0.6849114480852424,16.264938234301574,1.390670300035763,1764640612459,cached,
1764640612583,2025-12-02 10:56:52.583,AC:23:3F:26:3E:F1,-76,127,0.6849114480852424,16.264938234301574,1.390670300035763,1764640612459,cached,
1764640612684,2025-12-02 10:56:52.684,68:9E:19:03:95:F1,-62,127,0.6858016453336864,16.225639812008335,1.3870123258025302,1764640612684,calculated,
1764640612807,2025-12-02 10:56:52.807,AC:23:3F:26:3E:F2,-83,127,0.6849114480852424,16.177957747060216,1.3870123258025302,1764640612807,calculated,
1764640612877,2025-12-02 10:56:52.877,68:9E:19:03:95:F1,-65,127,0.6849114480852424,16.177957747060216,1.3870123258025302,1764640612807,cached,
1764640612888,2025-12-02 10:56:52.888,AC:23:3F:26:3E:F2,-69,127,0.6849114480852424,16.138666632431693,1.385471067806647,1764640612888,calculated,
1764640612912,2025-12-02 10:56:52.912,AC:23:3F:26:3E:F1,-74,127,0.6849114480852424,16.138666632431693,1.385471067806647,1764640612888,cached,
1764640612987,2025-12-02 10:56:52.987,68:9E:19:03:95:F1,-60,127,0.6759447212645311,16.031403431624334,1.4019860288426622,1764640612987,calculated,
1764640613003,2025-12-02 10:56:53.003,AC:23:3F:26:3E:EF,-78,127,0.6759447212645311,16.031403431624334,1.4019860288426622,1764640612987,cached,
1764640613198,2025-12-02 10:56:53.198,68:9E:19:03:95:F1,-62,127,0.6759447212645311,16.02691010704128,1.4019860288426622,1764640613198,calculated,
1764640613294,2025-12-02 10:56:53.294,AC:23:3F:26:3E:F1,-84,127,0.6387021264910766,15.920274141116572,1.4145205302143424,1764640613294,calculated,
1764640613306,2025-12-02 10:56:53.306,68:9E:19:03:95:F1,-58,127,0.6387021264910766,15.920274141116572,1.4145205302143424,1764640613294,cached,
1764640613426,2025-12-02 10:56:53.426,AC:23:3F:26:3E:EF,-75,127,0.6387021264910766,15.920274141116572,1.4145205302143424,1764640613426,calculated,
1764640613534,2025-12-02 10:56:53.534,68:9E:19:03:95:F1,-56,127,0.62443043830314,15.903401738300033,1.4052902911695118,1764640613534,calculated,
1764640613594,2025-12-02 10:56:53.594,AC:23:3F:26:3E:F2,-72,127,0.62443043830314,15.903401738300033,1.4052902911695118,1764640613534,cached,
1764640613635,2025-12-02 10:56:53.635,AC:23:3F:26:3E:F1,-71,127,0.62443043830314,15.903401738300033,1.4052902911695118,1764640613534,cached,
1764640613676,2025-12-02 10:56:53.676,68:9E:19:03:95:84,-76,127,0.62443043830314,15.903401738300033,1.4052902911695118,1764640613534,cached,
1764640613720,2025-12-02 10:56:53.720,68:9E:19:03:95:F1,-62,127,0.6135654341663546,15.830690677826594,1.4090132989683468,1764640613720,calculated,
1764640613799,2025-12-02 10:56:53.799,68:9E:19:03:95:84,-80,127,0.584567486061463,15.768725606794632,1.4050247844894288,1764640613799,calculated,
1764640613807,2025-12-02 10:56:53.807,AC:23:3F:26:3E:EF,-81,127,0.584567486061463,15.768725606794632,1.4050247844894288,1764640613799,cached,
1764640613898,2025-12-02 10:56:53.898,AC:23:3F:26:3E:F2,-70,127,0.584567486061463,15.768725606794632,1.4050247844894288,1764640613799,cached,
1764640614022,2025-12-02 10:56:54.022,68:9E:19:03:95:84,-71,127,0.584567486061463,15.679745469432882,1.4039868415578998,1764640614022,calculated,
1764640614039,2025-12-02 10:56:54.039,68:9E:19:03:95:F1,-56,127,0.584567486061463,15.679745469432882,1.4039868415578998,1764640614022,cached,
1764640614134,2025-12-02 10:56:54.134,AC:23:3F:26:3E:EF,-67,127,0.584567486061463,15.679745469432882,1.4039868415578998,1764640614022,cached,
1764640614139,2025-12-02 10:56:54.139,68:9E:19:03:95:F1,-58,127,0.584567486061463,15.679745469432882,1.4039868415578998,1764640614022,cached,
1764640614293,2025-12-02 10:56:54.293,AC:23:3F:26:3E:F2,-69,127,0.6050091542987014,15.59573420088092,1.4050247844894288,1764640614293,calculated,
1764640614344,2025-12-02 10:56:54.344,AC:23:3F:26:3E:F1,-74,127,0.6050091542987014,15.59573420088092,1.4050247844894288,1764640614293,cached,
1764640614356,2025-12-02 10:56:54.356,68:9E:19:03:95:F1,-61,127,0.6050091542987014,15.59573420088092,1.4050247844894288,1764640614293,cached,
1764640614429,2025-12-02 10:56:54.429,AC:23:3F:26:3E:EF,-68,127,0.6050091542987014,15.59573420088092,1.4050247844894288,1764640614293,cached,
1764640614458,2025-12-02 10:56:54.458,68:9E:19:03:95:F1,-55,127,0.6050091542987014,15.59573420088092,1.4050247844894288,1764640614293,cached,
1764640614504,2025-12-02 10:56:54.504,68:9E:19:03:95:84,-83,127,0.6050091542987014,15.59573420088092,1.4050247844894288,1764640614504,calculated,
1764640614524,2025-12-02 10:56:54.524,AC:23:3F:26:3E:EF,-75,127,0.6050091542987014,15.59573420088092,1.4050247844894288,1764640614504,cached,
1764640614574,2025-12-02 10:56:54.574,AC:23:3F:26:3E:F2,-63,127,0.6050091542987014,15.59573420088092,1.4050247844894288,1764640614574,calculated,
1764640614583,2025-12-02 10:56:54.583,68:9E:19:03:95:F1,-54,127,0.6050091542987014,15.59573420088092,1.4050247844894288,1764640614574,cached,
1764640614621,2025-12-02 10:56:54.621,68:9E:19:03:95:84,-79,127,0.6050091542987014,15.59573420088092,1.4050247844894288,1764640614574,cached,
1764640614670,2025-12-02 10:56:54.670,68:9E:19:03:95:F1,-67,127,0.6050091542987014,15.59573420088092,1.4050247844894288,1764640614574,cached,
1764640614799,2025-12-02 10:56:54.799,68:9E:19:03:95:F1,-54,127,0.6459953866078484,15.450778421332497,1.412667261711351,1764640614799,calculated,
1764640614834,2025-12-02 10:56:54.834,68:9E:19:03:95:84,-78,127,0.6459953866078484,15.450778421332497,1.412667261711351,1764640614834,calculated,
1764640614856,2025-12-02 10:56:54.856,AC:23:3F:26:3E:EF,-73,127,0.6459953866078484,15.450778421332497,1.412667261711351,1764640614834,cached,
1764640614931,2025-12-02 10:56:54.931,68:9E:19:03:95:84,-78,127,0.6459953866078484,15.450778421332497,1.412667261711351,1764640614834,cached,
1764640614950,2025-12-02 10:56:54.950,AC:23:3F:26:3E:F1,-70,127,0.6459953866078484,15.450778421332497,1.412667261711351,1764640614834,cached,
1764640615017,2025-12-02 10:56:55.017,AC:23:3F:26:3E:F2,-66,127,0.6485817701368318,15.389381511642984,1.412667261711351,1764640615017,calculated,
1764640615034,2025-12-02 10:56:55.034,68:9E:19:03:95:F1,-60,127,0.6485817701368318,15.389381511642984,1.412667261711351,1764640615017,cached,
1764640615039,2025-12-02 10:56:55.039,68:9E:19:03:95:84,-74,127,0.6485817701368318,15.389381511642984,1.412667261711351,1764640615017,cached,
1764640615075,2025-12-02 10:56:55.075,AC:23:3F:26:3E:F1,-76,127,0.6485817701368318,15.389381511642984,1.412667261711351,1764640615017,cached,
1764640615120,2025-12-02 10:56:55.120,68:9E:19:03:95:F1,-55,127,0.6513056253190563,15.349209846283689,1.412667261711351,1764640615120,calculated,
1764640615123,2025-12-02 10:56:55.123,AC:23:3F:26:3E:EF,-69,127,0.6513056253190563,15.349209846283689,1.412667261711351,1764640615120,cached,
1764640615238,2025-12-02 10:56:55.238,68:9E:19:03:95:84,-74,127,0.6513056253190563,15.349209846283689,1.412667261711351,1764640615120,cached,
1764640615269,2025-12-02 10:56:55.269,AC:23:3F:26:3E:F2,-73,127,0.6513056253190563,15.349209846283689,1.412667261711351,1764640615120,cached,
1764640615304,2025-12-02 10:56:55.304,68:9E:19:03:95:F1,-63,127,0.6724427026686561,15.298518792427075,1.4061628218321471,1764640615304,calculated,
1764640615420,2025-12-02 10:56:55.420,68:9E:19:03:95:F1,-59,127,0.6660244316488473,15.225726465870533,1.4100070096336408,1764640615420,calculated,
1764640615435,2025-12-02 10:56:55.435,AC:23:3F:26:3E:F1,-85,127,0.6660244316488473,15.225726465870533,1.4100070096336408,1764640615420,cached,
1764640615449,2025-12-02 10:56:55.449,AC:23:3F:26:3E:F1,-75,127,0.6660244316488473,15.225726465870533,1.4100070096336408,1764640615420,cached,
1764640615541,2025-12-02 10:56:55.541,AC:23:3F:26:3E:EF,-66,127,0.6660244316488473,15.225726465870533,1.4100070096336408,1764640615420,cached,
1764640615554,2025-12-02 10:56:55.554,68:9E:19:03:95:84,-83,127,0.6620766522092107,15.184053799172123,1.4100070096336408,1764640615554,calculated,
1764640615637,2025-12-02 10:56:55.637,68:9E:19:03:95:F1,-56,127,0.6450163404646745,15.081467698224046,1.4153295030069009,1764640615637,calculated,
1764640615757,2025-12-02 10:56:55.757,68:9E:19:03:95:F1,-53,127,0.6450163404646745,15.081467698224046,1.4153295030069009,1764640615637,cached,
1764640615771,2025-12-02 10:56:55.771,AC:23:3F:26:3E:F1,-72,127,0.6450163404646745,15.081467698224046,1.4153295030069009,1764640615637,cached,
1764640615827,2025-12-02 10:56:55.827,AC:23:3F:26:3E:EF,-73,127,0.6431259031037415,15.067666675242203,1.4160189423936345,1764640615827,calculated,
1764640615859,2025-12-02 10:56:55.859,68:9E:19:03:95:84,-78,127,0.6431259031037415,15.067666675242203,1.4160189423936345,1764640615827,cached,
1764640615963,2025-12-02 10:56:55.963,AC:23:3F:26:3E:EF,-68,127,0.6331888650419217,15.043575203388706,1.4188748846124335,1764640615963,calculated,
1764640615967,2025-12-02 10:56:55.967,68:9E:19:03:95:84,-74,127,0.6331888650419217,15.043575203388706,1.4188748846124335,1764640615963,cached,
1764640615984,2025-12-02 10:56:55.984,AC:23:3F:26:3E:F2,-66,127,0.6331888650419217,15.043575203388706,1.4188748846124335,1764640615963,cached,
1764640616010,2025-12-02 10:56:56.010,AC:23:3F:26:3E:F2,-60,127,0.6331888650419217,15.043575203388706,1.4188748846124335,1764640615963,cached,
1764640616158,2025-12-02 10:56:56.158,AC:23:3F:26:3E:F1,-79,127,0.5941550736705636,14.908984204991818,1.4188748846124335,1764640616158,calculated,
1764640616187,2025-12-02 10:56:56.187,68:9E:19:03:95:84,-82,127,0.5941550736705636,14.908984204991818,1.4188748846124335,1764640616158,cached,
1764640616253,2025-12-02 10:56:56.253,AC:23:3F:26:3E:EF,-65,127,0.5941550736705636,14.908984204991818,1.4188748846124335,1764640616158,cached,
1764640616266,2025-12-02 10:56:56.266,68:9E:19:03:95:F1,-54,127,0.5941550736705636,14.908984204991818,1.4188748846124335,1764640616158,cached,
1764640616294,2025-12-02 10:56:56.294,68:9E:19:03:95:84,-76,127,0.5941550736705636,14.908984204991818,1.4188748846124335,1764640616158,cached,
1764640616362,2025-12-02 10:56:56.362,AC:23:3F:26:3E:F1,-75,127,0.5763976174051757,14.891437513105807,1.4188748846124335,1764640616362,calculated,
1764640616369,2025-12-02 10:56:56.369,68:9E:19:03:95:F1,-56,127,0.5763976174051757,14.891437513105807,1.4188748846124335,1764640616362,cached,
1764640616390,2025-12-02 10:56:56.390,AC:23:3F:26:3E:F2,-62,127,0.5710380990691887,14.868381772381705,1.4188748846124335,1764640616390,calculated,
1764640616492,2025-12-02 10:56:56.492,68:9E:19:03:95:84,-76,127,0.5710380990691887,14.868381772381705,1.4188748846124335,1764640616390,cached,
1764640616494,2025-12-02 10:56:56.494,AC:23:3F:26:3E:EF,-75,127,0.5710380990691887,14.868381772381705,1.4188748846124335,1764640616390,cached,
1764640616543,2025-12-02 10:56:56.543,AC:23:3F:26:3E:EF,-64,127,0.5710380990691887,14.868381772381705,1.4188748846124335,1764640616390,cached,
1764640616594,2025-12-02 10:56:56.594,68:9E:19:03:95:F1,-68,127,0.5710380990691887,14.868381772381705,1.4188748846124335,1764640616390,cached,
1764640616664,2025-12-02 10:56:56.664,AC:23:3F:26:3E:EF,-90,127,0.5763976174051757,14.815953574689628,1.4090116531299328,1764640616664,calculated,
1764640616709,2025-12-02 10:56:56.709,AC:23:3F:26:3E:F2,-65,127,0.5763976174051757,14.815953574689628,1.4090116531299328,1764640616664,cached,
1764640616713,2025-12-02 10:56:56.713,68:9E:19:03:95:84,-87,127,0.5763976174051757,14.815953574689628,1.4090116531299328,1764640616664,cached,
1764640616801,2025-12-02 10:56:56.801,68:9E:19:03:95:84,-79,127,0.5763976174051757,14.815953574689628,1.4090116531299328,1764640616664,cached,
1764640616833,2025-12-02 10:56:56.833,AC:23:3F:26:3E:F2,-80,127,0.5763976174051757,14.815953574689628,1.4090116531299328,1764640616664,cached,
1764640616855,2025-12-02 10:56:56.855,AC:23:3F:26:3E:F1,-73,127,0.5763976174051757,14.815953574689628,1.4090116531299328,1764640616664,cached,
1764640616900,2025-12-02 10:56:56.900,68:9E:19:03:95:F1,-60,127,0.5770184994557424,14.77614891196209,1.408827415405334,1764640616900,calculated,
1764640616988,2025-12-02 10:56:56.988,68:9E:19:03:95:F1,-57,127,0.5831357322425821,14.753163619904555,1.408827415405334,1764640616988,calculated,
1764640617097,2025-12-02 10:56:57.097,AC:23:3F:26:3E:F2,-68,127,0.5831357322425821,14.753163619904555,1.408827415405334,1764640616988,cached,
1764640617099,2025-12-02 10:56:57.099,68:9E:19:03:95:F1,-54,127,0.5831357322425821,14.753163619904555,1.408827415405334,1764640616988,cached,
1764640617189,2025-12-02 10:56:57.189,68:9E:19:03:95:F1,-53,127,0.6276724849095393,14.593475553294553,1.4080096379038887,1764640617189,calculated,
1764640617215,2025-12-02 10:56:57.215,AC:23:3F:26:3E:F1,-76,127,0.6276724849095393,14.593475553294553,1.4080096379038887,1764640617189,cached,
1764640617248,2025-12-02 10:56:57.248,AC:23:3F:26:3E:EF,-68,127,0.6276724849095393,14.593475553294553,1.4080096379038887,1764640617189,cached,
1764640617307,2025-12-02 10:56:57.307,68:9E:19:03:95:F1,-52,127,0.6276724849095393,14.593475553294553,1.4080096379038887,1764640617189,cached,
1764640617336,2025-12-02 10:56:57.336,68:9E:19:03:95:84,-80,127,0.6276724849095393,14.593475553294553,1.4080096379038887,1764640617189,cached,
1764640617370,2025-12-02 10:56:57.370,AC:23:3F:26:3E:EF,-69,127,0.6276724849095393,14.593475553294553,1.4080096379038887,1764640617189,cached,
1764640617402,2025-12-02 10:56:57.402,AC:23:3F:26:3E:F2,-70,127,0.643438134655837,14.570570138796324,1.4080096379038887,1764640617402,calculated,
1764640617536,2025-12-02 10:56:57.536,68:9E:19:03:95:F1,-54,127,0.6550589774692488,14.508726912533968,1.4043404066086929,1764640617536,calculated,
1764640617540,2025-12-02 10:56:57.540,68:9E:19:03:95:84,-79,127,0.6550589774692488,14.508726912533968,1.4043404066086929,1764640617536,cached,
1764640617621,2025-12-02 10:56:57.621,68:9E:19:03:95:F1,-66,127,0.6550589774692488,14.508726912533968,1.4043404066086929,1764640617536,cached,
1764640617659,2025-12-02 10:56:57.659,68:9E:19:03:95:84,-83,127,0.6667014382140112,14.484062263681887,1.4043404066086929,1764640617659,calculated,
1764640617661,2025-12-02 10:56:57.661,AC:23:3F:26:3E:EF,-72,127,0.6667014382140112,14.484062263681887,1.4043404066086929,1764640617659,cached,
1764640617719,2025-12-02 10:56:57.719,68:9E:19:03:95:F1,-58,127,0.6667014382140112,14.484062263681887,1.4043404066086929,1764640617659,cached,
1764640617853,2025-12-02 10:56:57.853,68:9E:19:03:95:84,-81,127,0.6671601398272556,14.43282613872433,1.4025704932720149,1764640617853,calculated,
1764640617907,2025-12-02 10:56:57.907,AC:23:3F:26:3E:F1,-82,127,0.6671601398272556,14.43282613872433,1.4025704932720149,1764640617853,cached,
1764640617970,2025-12-02 10:56:57.970,AC:23:3F:26:3E:EF,-73,127,0.6724081728640752,14.408317950679285,1.4003628324746373,1764640617970,calculated,
1764640618047,2025-12-02 10:56:58.047,68:9E:19:03:95:F1,-68,127,0.6712724793829962,14.369624176323494,1.3969202333792536,1764640618047,calculated,
1764640618085,2025-12-02 10:56:58.085,AC:23:3F:26:3E:EF,-62,127,0.6712724793829962,14.369624176323494,1.3969202333792536,1764640618047,cached,
1764640618089,2025-12-02 10:56:58.089,AC:23:3F:26:3E:F2,-72,127,0.6712724793829962,14.369624176323494,1.3969202333792536,1764640618047,cached,
1764640618118,2025-12-02 10:56:58.118,AC:23:3F:26:3E:F2,-71,127,0.6712724793829962,14.369624176323494,1.3969202333792536,1764640618047,cached,
1764640618134,2025-12-02 10:56:58.134,68:9E:19:03:95:F1,-66,127,0.6712724793829962,14.369624176323494,1.3969202333792536,1764640618047,cached,
1764640618249,2025-12-02 10:56:58.249,68:9E:19:03:95:F1,-61,127,0.6671601398272556,14.27546559009301,1.3969202333792536,1764640618249,calculated,
1764640618284,2025-12-02 10:56:58.284,68:9E:19:03:95:84,-82,127,0.6671601398272556,14.27546559009301,1.3969202333792536,1764640618249,cached,
1764640618358,2025-12-02 10:56:58.358,68:9E:19:03:95:F1,-63,127,0.6671601398272556,14.27546559009301,1.3969202333792536,1764640618249,cached,
1764640618371,2025-12-02 10:56:58.371,68:9E:19:03:95:84,-87,127,0.6671601398272556,14.27546559009301,1.3969202333792536,1764640618249,cached,
1764640618514,2025-12-02 10:56:58.514,AC:23:3F:26:3E:F2,-63,127,0.6671601398272556,14.254585149959246,1.3969202333792536,1764640618514,calculated,
1764640618633,2025-12-02 10:56:58.633,AC:23:3F:26:3E:F1,-75,127,0.6531398074718333,14.254585149959246,1.3969202333792536,1764640618633,calculated,
1764640618663,2025-12-02 10:56:58.663,68:9E:19:03:95:F1,-61,127,0.6531398074718333,14.254585149959246,1.3969202333792536,1764640618633,cached,
1764640618666,2025-12-02 10:56:58.666,AC:23:3F:26:3E:EF,-67,127,0.6531398074718333,14.254585149959246,1.3969202333792536,1764640618633,cached,
1764640618670,2025-12-02 10:56:58.670,68:9E:19:03:95:84,-76,127,0.6531398074718333,14.254585149959246,1.3969202333792536,1764640618633,cached,
1764640618825,2025-12-02 10:56:58.825,AC:23:3F:26:3E:F2,-77,127,0.6447014871451193,14.156202001825676,1.4003498359879565,1764640618825,calculated,
1764640618828,2025-12-02 10:56:58.828,AC:23:3F:26:3E:F2,-78,127,0.6447014871451193,14.156202001825676,1.4003498359879565,1764640618825,cached,
1764640618873,2025-12-02 10:56:58.873,68:9E:19:03:95:F1,-60,127,0.6447014871451193,14.156202001825676,1.4003498359879565,1764640618825,cached,
1764640618884,2025-12-02 10:56:58.884,68:9E:19:03:95:84,-83,127,0.6447014871451193,14.156202001825676,1.4003498359879565,1764640618825,cached,
1764640618967,2025-12-02 10:56:58.967,68:9E:19:03:95:F1,-56,127,0.6447014871451193,14.156202001825676,1.4003498359879565,1764640618825,cached,
1764640618999,2025-12-02 10:56:58.999,68:9E:19:03:95:84,-78,127,0.6274560316358758,14.077931615176508,1.411231218891054,1764640618999,calculated,
1764640619001,2025-12-02 10:56:59.001,AC:23:3F:26:3E:F1,-74,127,0.6274560316358758,14.077931615176508,1.411231218891054,1764640618999,cached,
1764640619083,2025-12-02 10:56:59.083,AC:23:3F:26:3E:EF,-71,127,0.6274560316358758,14.077931615176508,1.411231218891054,1764640619083,calculated,
1764640619200,2025-12-02 10:56:59.200,68:9E:19:03:95:F1,-58,127,0.6274560316358758,14.077931615176508,1.411231218891054,1764640619083,cached,
1764640619203,2025-12-02 10:56:59.203,AC:23:3F:26:3E:F2,-78,127,0.6274560316358758,14.077931615176508,1.411231218891054,1764640619083,cached,
1764640619362,2025-12-02 10:56:59.362,AC:23:3F:26:3E:F1,-78,127,0.6133358139197564,13.98886980432055,1.4129013503176653,1764640619362,calculated,
1764640619408,2025-12-02 10:56:59.408,68:9E:19:03:95:F1,-54,127,0.6133358139197564,13.98886980432055,1.4129013503176653,1764640619362,cached,
1764640619422,2025-12-02 10:56:59.422,68:9E:19:03:95:84,-82,127,0.6133358139197564,13.98886980432055,1.4129013503176653,1764640619362,cached,
1764640619445,2025-12-02 10:56:59.445,AC:23:3F:26:3E:F1,-92,127,0.6133358139197564,13.98886980432055,1.4129013503176653,1764640619362,cached,
1764640619516,2025-12-02 10:56:59.516,AC:23:3F:26:3E:F2,-80,127,0.6133358139197564,13.98886980432055,1.4129013503176653,1764640619362,cached,
1764640619523,2025-12-02 10:56:59.523,AC:23:3F:26:3E:EF,-71,127,0.5896864472858543,13.98886980432055,1.411231218891054,1764640619523,calculated,
1764640619534,2025-12-02 10:56:59.534,AC:23:3F:26:3E:F2,-85,127,0.5896864472858543,13.98886980432055,1.411231218891054,1764640619523,cached,
1764640619615,2025-12-02 10:56:59.615,68:9E:19:03:95:F1,-58,127,0.6531448404811364,13.786641633062109,1.4488446370886126,1764640619615,calculated,
1764640619734,2025-12-02 10:56:59.734,68:9E:19:03:95:84,-87,127,0.6531448404811364,13.786641633062109,1.4488446370886126,1764640619615,cached,
1764640619832,2025-12-02 10:56:59.832,68:9E:19:03:95:F1,-58,127,0.6640690669399378,13.751529723812215,1.4373606208757868,1764640619832,calculated,
1764640619913,2025-12-02 10:56:59.913,AC:23:3F:26:3E:F1,-78,127,0.7117046859919853,13.59844168237969,1.4373606208757868,1764640619913,calculated,
1764640619915,2025-12-02 10:56:59.915,AC:23:3F:26:3E:F2,-72,127,0.7117046859919853,13.59844168237969,1.4373606208757868,1764640619913,cached,
1764640620062,2025-12-02 10:57:00.062,AC:23:3F:26:3E:F1,-75,127,0.7117046859919853,13.59844168237969,1.4373606208757868,1764640620062,calculated,
1764640620081,2025-12-02 10:57:00.081,AC:23:3F:26:3E:EF,-64,127,0.7117046859919853,13.59844168237969,1.4373606208757868,1764640620062,cached,
1764640620161,2025-12-02 10:57:00.161,68:9E:19:03:95:F1,-62,127,0.7168272334734218,13.522211142087897,1.4373606208757868,1764640620161,calculated,
1764640620167,2025-12-02 10:57:00.167,68:9E:19:03:95:84,-84,127,0.7168272334734218,13.522211142087897,1.4373606208757868,1764640620161,cached,
1764640620215,2025-12-02 10:57:00.215,AC:23:3F:26:3E:F2,-85,127,0.7168272334734218,13.522211142087897,1.4373606208757868,1764640620161,cached,
1764640620227,2025-12-02 10:57:00.227,AC:23:3F:26:3E:EF,-72,127,0.7168272334734218,13.522211142087897,1.4373606208757868,1764640620161,cached,
1764640620258,2025-12-02 10:57:00.258,68:9E:19:03:95:84,-77,127,0.7168272334734218,13.522211142087897,1.4373606208757868,1764640620161,cached,
1764640620355,2025-12-02 10:57:00.355,68:9E:19:03:95:F1,-59,127,0.721569869383456,13.490114181151881,1.4373606208757868,1764640620355,calculated,
1764640620367,2025-12-02 10:57:00.367,68:9E:19:03:95:84,-86,127,0.721569869383456,13.490114181151881,1.4373606208757868,1764640620355,cached,
1764640620465,2025-12-02 10:57:00.465,68:9E:19:03:95:F1,-58,127,0.721569869383456,13.456666180797868,1.4296168173969763,1764640620465,calculated,
1764640620466,2025-12-02 10:57:00.466,68:9E:19:03:95:84,-84,127,0.721569869383456,13.456666180797868,1.4296168173969763,1764640620465,cached,
1764640620501,2025-12-02 10:57:00.501,AC:23:3F:26:3E:EF,-63,127,0.721569869383456,13.456666180797868,1.4296168173969763,1764640620465,cached,
1764640620513,2025-12-02 10:57:00.513,AC:23:3F:26:3E:EF,-77,127,0.721569869383456,13.456666180797868,1.4296168173969763,1764640620465,cached,
1764640620565,2025-12-02 10:57:00.565,68:9E:19:03:95:F1,-60,127,0.721569869383456,13.456666180797868,1.4296168173969763,1764640620465,cached,
1764640620576,2025-12-02 10:57:00.576,68:9E:19:03:95:84,-74,127,0.7220362526902422,13.454999928594663,1.4296168173969763,1764640620576,calculated,
1764640620594,2025-12-02 10:57:00.594,AC:23:3F:26:3E:F2,-69,127,0.7220362526902422,13.454999928594663,1.4296168173969763,1764640620576,cached,
1764640620664,2025-12-02 10:57:00.664,68:9E:19:03:95:F1,-65,127,0.710015021518609,13.422546927818972,1.4289635091072719,1764640620664,calculated,
1764640620697,2025-12-02 10:57:00.697,68:9E:19:03:95:84,-81,127,0.710015021518609,13.422546927818972,1.4289635091072719,1764640620664,cached,
1764640620783,2025-12-02 10:57:00.783,AC:23:3F:26:3E:EF,-63,127,0.710015021518609,13.422546927818972,1.4289635091072719,1764640620664,cached,
1764640620884,2025-12-02 10:57:00.884,68:9E:19:03:95:F1,-56,127,0.7006508199308742,13.401372215294177,1.4252142240911754,1764640620884,calculated,
1764640620896,2025-12-02 10:57:00.896,68:9E:19:03:95:84,-83,127,0.7006508199308742,13.401372215294177,1.4252142240911754,1764640620884,cached,
1764640620966,2025-12-02 10:57:00.966,AC:23:3F:26:3E:F2,-66,127,0.6776293909929161,13.326610011754672,1.4269873178842865,1764640620966,calculated,
1764640620982,2025-12-02 10:57:00.982,AC:23:3F:26:3E:EF,-81,127,0.6776293909929161,13.326610011754672,1.4269873178842865,1764640620966,cached,
1764640620985,2025-12-02 10:57:00.985,AC:23:3F:26:3E:F2,-66,127,0.6776293909929161,13.326610011754672,1.4269873178842865,1764640620966,cached,
1764640620996,2025-12-02 10:57:00.996,68:9E:19:03:95:F1,-60,127,0.6776293909929161,13.326610011754672,1.4269873178842865,1764640620966,cached,
1764640621083,2025-12-02 10:57:01.083,68:9E:19:03:95:F1,-64,127,0.6776293909929161,13.326610011754672,1.4269873178842865,1764640620966,cached,
1764640621115,2025-12-02 10:57:01.115,68:9E:19:03:95:84,-82,127,0.6657827191240655,13.299642241285829,1.4252142240911754,1764640621115,calculated,
1764640621127,2025-12-02 10:57:01.127,AC:23:3F:26:3E:F1,-85,127,0.6657827191240655,13.299642241285829,1.4252142240911754,1764640621115,cached,
1764640621191,2025-12-02 10:57:01.191,AC:23:3F:26:3E:EF,-63,127,0.6648409297925348,13.287705628501335,1.4296168173969763,1764640621191,calculated,
1764640621203,2025-12-02 10:57:01.203,68:9E:19:03:95:F1,-60,127,0.6648409297925348,13.287705628501335,1.4296168173969763,1764640621191,cached,
1764640621244,2025-12-02 10:57:01.244,68:9E:19:03:95:84,-84,127,0.6648409297925348,13.287705628501335,1.4296168173969763,1764640621191,cached,
1764640621293,2025-12-02 10:57:01.293,68:9E:19:03:95:F1,-62,127,0.6648409297925348,13.287705628501335,1.4296168173969763,1764640621191,cached,
1764640621295,2025-12-02 10:57:01.295,AC:23:3F:26:3E:F2,-88,127,0.6648409297925348,13.287705628501335,1.4296168173969763,1764640621191,cached,
1764640621297,2025-12-02 10:57:01.297,AC:23:3F:26:3E:F1,-79,127,0.6648409297925348,13.287705628501335,1.4296168173969763,1764640621191,cached,
1764640621472,2025-12-02 10:57:01.472,68:9E:19:03:95:F1,-74,127,0.643676098151817,13.150077983440264,1.4404684776890448,1764640621472,calculated,
1764640621570,2025-12-02 10:57:01.570,68:9E:19:03:95:84,-76,127,0.643676098151817,13.150077983440264,1.4404684776890448,1764640621472,cached,
1764640621649,2025-12-02 10:57:01.649,AC:23:3F:26:3E:F1,-72,127,0.6317269894090285,13.10941530403179,1.444692241364335,1764640621649,calculated,
1764640621658,2025-12-02 10:57:01.658,AC:23:3F:26:3E:EF,-65,127,0.6317269894090285,13.10941530403179,1.444692241364335,1764640621649,cached,
1764640621661,2025-12-02 10:57:01.661,68:9E:19:03:95:F1,-64,127,0.6317269894090285,13.10941530403179,1.444692241364335,1764640621649,cached,
1764640621671,2025-12-02 10:57:01.671,68:9E:19:03:95:84,-85,127,0.6317269894090285,13.10941530403179,1.444692241364335,1764640621649,cached,
1764640621676,2025-12-02 10:57:01.676,68:9E:19:03:95:F1,-73,127,0.6317269894090285,13.10941530403179,1.444692241364335,1764640621649,cached,
1764640621682,2025-12-02 10:57:01.682,AC:23:3F:26:3E:F2,-69,127,0.6317269894090285,13.10941530403179,1.444692241364335,1764640621649,cached,
1764640621686,2025-12-02 10:57:01.686,AC:23:3F:26:3E:EF,-63,127,0.6317269894090285,13.10941530403179,1.444692241364335,1764640621649,cached,
1764640621716,2025-12-02 10:57:01.716,68:9E:19:03:95:F1,-67,127,0.6317269894090285,13.10941530403179,1.444692241364335,1764640621649,cached,
1764640621729,2025-12-02 10:57:01.729,68:9E:19:03:95:84,-76,127,0.6317269894090285,13.10941530403179,1.444692241364335,1764640621649,cached,
1764640621815,2025-12-02 10:57:01.815,68:9E:19:03:95:F1,-59,127,0.6435376179231052,13.065739846078015,1.4439458247011507,1764640621815,calculated,
1764640621841,2025-12-02 10:57:01.841,68:9E:19:03:95:84,-81,127,0.6435376179231052,13.065739846078015,1.4439458247011507,1764640621815,cached,
1764640621893,2025-12-02 10:57:01.893,AC:23:3F:26:3E:EF,-64,127,0.6435376179231052,13.065739846078015,1.4439458247011507,1764640621815,cached,
1764640621938,2025-12-02 10:57:01.938,68:9E:19:03:95:84,-79,127,0.6317269894090285,13.0417177778814,1.4439458247011507,1764640621938,calculated,
1764640621995,2025-12-02 10:57:01.995,AC:23:3F:26:3E:F2,-74,127,0.6317269894090285,13.0417177778814,1.4439458247011507,1764640621938,cached,
1764640622032,2025-12-02 10:57:02.032,68:9E:19:03:95:F1,-65,127,0.643676098151817,12.962825192799553,1.443459609222779,1764640622032,calculated,
1764640622128,2025-12-02 10:57:02.128,68:9E:19:03:95:F1,-91,127,0.643676098151817,12.962825192799553,1.443459609222779,1764640622032,cached,
1764640622165,2025-12-02 10:57:02.165,68:9E:19:03:95:84,-76,127,0.643676098151817,12.962825192799553,1.443459609222779,1764640622032,cached,
1764640622204,2025-12-02 10:57:02.204,AC:23:3F:26:3E:EF,-61,127,0.643676098151817,12.936980246486753,1.4430460977901327,1764640622204,calculated,
1764640622240,2025-12-02 10:57:02.240,68:9E:19:03:95:F1,-64,127,0.643676098151817,12.936980246486753,1.4430460977901327,1764640622204,cached,
1764640622268,2025-12-02 10:57:02.268,68:9E:19:03:95:84,-85,127,0.643676098151817,12.936980246486753,1.4430460977901327,1764640622204,cached,
1764640622350,2025-12-02 10:57:02.350,68:9E:19:03:95:F1,-66,127,0.653112947653933,12.84860572789132,1.4404381220055034,1764640622350,calculated,
1764640622360,2025-12-02 10:57:02.360,AC:23:3F:26:3E:F2,-63,127,0.653112947653933,12.84860572789132,1.4404381220055034,1764640622350,cached,
1764640622376,2025-12-02 10:57:02.376,AC:23:3F:26:3E:F2,-63,127,0.653112947653933,12.84860572789132,1.4404381220055034,1764640622350,cached,
1764640622378,2025-12-02 10:57:02.378,68:9E:19:03:95:84,-82,127,0.653112947653933,12.84860572789132,1.4404381220055034,1764640622350,cached,
1764640622396,2025-12-02 10:57:02.396,AC:23:3F:26:3E:EF,-62,127,0.653112947653933,12.84860572789132,1.4404381220055034,1764640622350,cached,
1764640622436,2025-12-02 10:57:02.436,68:9E:19:03:95:F1,-64,127,0.653112947653933,12.84860572789132,1.4404381220055034,1764640622350,cached,
1764640622466,2025-12-02 10:57:02.466,68:9E:19:03:95:84,-80,127,0.6623141167841252,12.826544706755902,1.4404381220055034,1764640622466,calculated,
1764640622542,2025-12-02 10:57:02.542,68:9E:19:03:95:F1,-74,127,0.6623141167841252,12.826544706755902,1.4404381220055034,1764640622466,cached,
1764640622558,2025-12-02 10:57:02.558,AC:23:3F:26:3E:F1,-80,127,0.6623141167841252,12.826544706755902,1.4404381220055034,1764640622466,cached,
1764640622658,2025-12-02 10:57:02.658,68:9E:19:03:95:84,-88,127,0.6807479550700888,12.810991915166928,1.4404381220055034,1764640622658,calculated,
1764640622661,2025-12-02 10:57:02.661,AC:23:3F:26:3E:EF,-63,127,0.6807479550700888,12.810991915166928,1.4404381220055034,1764640622658,cached,
1764640622723,2025-12-02 10:57:02.723,68:9E:19:03:95:84,-87,127,0.6807479550700888,12.810991915166928,1.4404381220055034,1764640622658,cached,
1764640622731,2025-12-02 10:57:02.731,AC:23:3F:26:3E:F2,-65,127,0.6807479550700888,12.810991915166928,1.4404381220055034,1764640622658,cached,
1764640622754,2025-12-02 10:57:02.754,AC:23:3F:26:3E:F1,-84,127,0.6946910206777471,12.744019695044432,1.4401686626504464,1764640622754,calculated,
1764640622762,2025-12-02 10:57:02.762,68:9E:19:03:95:F1,-70,127,0.6946910206777471,12.744019695044432,1.4401686626504464,1764640622754,cached,
1764640622798,2025-12-02 10:57:02.798,68:9E:19:03:95:84,-78,127,0.6946910206777471,12.744019695044432,1.4401686626504464,1764640622754,cached,
1764640622860,2025-12-02 10:57:02.860,68:9E:19:03:95:F1,-68,127,0.6946910206777471,12.744019695044432,1.4401686626504464,1764640622754,cached,
1764640622907,2025-12-02 10:57:02.907,AC:23:3F:26:3E:EF,-63,127,0.6946910206777471,12.744019695044432,1.4401686626504464,1764640622754,cached,
1764640622922,2025-12-02 10:57:02.922,AC:23:3F:26:3E:F1,-84,127,0.6946910206777471,12.744019695044432,1.4401686626504464,1764640622754,cached,
1764640623091,2025-12-02 10:57:03.091,AC:23:3F:26:3E:F2,-67,127,0.7287046552113099,12.65695045207604,1.4255907627224382,1764640623091,calculated,
1764640623093,2025-12-02 10:57:03.093,AC:23:3F:26:3E:EF,-65,127,0.7287046552113099,12.65695045207604,1.4255907627224382,1764640623091,cached,
1764640623132,2025-12-02 10:57:03.132,68:9E:19:03:95:84,-78,127,0.7287046552113099,12.65695045207604,1.4255907627224382,1764640623091,cached,
1764640623196,2025-12-02 10:57:03.196,68:9E:19:03:95:F1,-62,127,0.7287046552113099,12.65695045207604,1.4255907627224382,1764640623091,cached,
1764640623233,2025-12-02 10:57:03.233,68:9E:19:03:95:84,-80,127,0.7287046552113099,12.604960549017875,1.4246384251783948,1764640623233,calculated,
1764640623288,2025-12-02 10:57:03.288,68:9E:19:03:95:F1,-68,127,0.728914594185369,12.583330085724462,1.422130652463721,1764640623288,calculated,
1764640623290,2025-12-02 10:57:03.290,AC:23:3F:26:3E:F1,-70,127,0.728914594185369,12.583330085724462,1.422130652463721,1764640623288,cached,
1764640623302,2025-12-02 10:57:03.302,AC:23:3F:26:3E:EF,-67,127,0.728914594185369,12.583330085724462,1.422130652463721,1764640623288,cached,
1764640623386,2025-12-02 10:57:03.386,68:9E:19:03:95:F1,-71,127,0.728914594185369,12.583330085724462,1.422130652463721,1764640623288,cached,
1764640623388,2025-12-02 10:57:03.388,AC:23:3F:26:3E:F2,-64,127,0.728914594185369,12.583330085724462,1.422130652463721,1764640623288,cached,
1764640623413,2025-12-02 10:57:03.413,AC:23:3F:26:3E:F1,-74,127,0.728914594185369,12.583330085724462,1.422130652463721,1764640623288,cached,
1764640623513,2025-12-02 10:57:03.513,68:9E:19:03:95:F1,-66,127,0.6995590175429729,12.476912931232599,1.426515137036334,1764640623513,calculated,
1764640623534,2025-12-02 10:57:03.534,68:9E:19:03:95:84,-80,127,0.6995590175429729,12.476912931232599,1.426515137036334,1764640623513,cached,
1764640623604,2025-12-02 10:57:03.604,68:9E:19:03:95:F1,-68,127,0.6922479127406285,12.46087702174513,1.4246384251783948,1764640623604,calculated,
1764640623615,2025-12-02 10:57:03.615,AC:23:3F:26:3E:EF,-64,127,0.6922479127406285,12.46087702174513,1.4246384251783948,1764640623604,cached,
1764640623659,2025-12-02 10:57:03.659,AC:23:3F:26:3E:F1,-78,127,0.6922479127406285,12.46087702174513,1.4246384251783948,1764640623604,cached,
1764640623669,2025-12-02 10:57:03.669,68:9E:19:03:95:84,-77,127,0.6922479127406285,12.46087702174513,1.4246384251783948,1764640623604,cached,
1764640623699,2025-12-02 10:57:03.699,68:9E:19:03:95:F1,-76,127,0.6922479127406285,12.46087702174513,1.4246384251783948,1764640623604,cached,
1764640623738,2025-12-02 10:57:03.738,68:9E:19:03:95:84,-81,127,0.6922479127406285,12.46087702174513,1.4246384251783948,1764640623604,cached,
1764640623759,2025-12-02 10:57:03.759,AC:23:3F:26:3E:F2,-70,127,0.6638086577026225,12.324263954815638,1.426515137036334,1764640623759,calculated,
1764640623809,2025-12-02 10:57:03.809,AC:23:3F:26:3E:EF,-71,127,0.6638086577026225,12.324263954815638,1.426515137036334,1764640623759,cached,
1764640623863,2025-12-02 10:57:03.863,68:9E:19:03:95:84,-80,127,0.6638086577026225,12.324263954815638,1.426515137036334,1764640623759,cached,
1764640623913,2025-12-02 10:57:03.913,68:9E:19:03:95:F1,-75,127,0.6638086577026225,12.324263954815638,1.426515137036334,1764640623759,cached,
1764640623947,2025-12-02 10:57:03.947,68:9E:19:03:95:84,-86,127,0.6638086577026225,12.324263954815638,1.426515137036334,1764640623759,cached,
1764640623999,2025-12-02 10:57:03.999,AC:23:3F:26:3E:F1,-72,127,0.6638086577026225,12.324263954815638,1.426515137036334,1764640623999,calculated,
1764640624019,2025-12-02 10:57:04.019,AC:23:3F:26:3E:EF,-70,127,0.649363336883191,12.253510195235059,1.426515137036334,1764640624019,calculated,
1764640624026,2025-12-02 10:57:04.026,68:9E:19:03:95:F1,-67,127,0.649363336883191,12.253510195235059,1.426515137036334,1764640624019,cached,
1764640624089,2025-12-02 10:57:04.089,AC:23:3F:26:3E:F2,-64,127,0.649363336883191,12.253510195235059,1.426515137036334,1764640624019,cached,
1764640624134,2025-12-02 10:57:04.134,AC:23:3F:26:3E:F1,-75,127,0.649363336883191,12.253510195235059,1.426515137036334,1764640624019,cached,
1764640624147,2025-12-02 10:57:04.147,68:9E:19:03:95:F1,-65,127,0.649363336883191,12.253510195235059,1.426515137036334,1764640624019,cached,
1764640624200,2025-12-02 10:57:04.200,68:9E:19:03:95:84,-86,127,0.649363336883191,12.253510195235059,1.426515137036334,1764640624019,cached,
1764640624242,2025-12-02 10:57:04.242,68:9E:19:03:95:F1,-67,127,0.6189290156500868,12.23979324640201,1.428853993863247,1764640624242,calculated,
1764640624276,2025-12-02 10:57:04.276,68:9E:19:03:95:84,-87,127,0.6189290156500868,12.23979324640201,1.428853993863247,1764640624242,cached,
1764640624324,2025-12-02 10:57:04.324,AC:23:3F:26:3E:EF,-69,127,0.6086196981303116,12.212154993755854,1.426515137036334,1764640624324,calculated,
1764640624330,2025-12-02 10:57:04.330,68:9E:19:03:95:F1,-74,127,0.6086196981303116,12.212154993755854,1.426515137036334,1764640624324,cached,
1764640624358,2025-12-02 10:57:04.358,AC:23:3F:26:3E:F1,-80,127,0.6086196981303116,12.212154993755854,1.426515137036334,1764640624324,cached,
1764640624438,2025-12-02 10:57:04.438,68:9E:19:03:95:F1,-70,127,0.6086196981303116,12.212154993755854,1.426515137036334,1764640624324,cached,
1764640624457,2025-12-02 10:57:04.457,AC:23:3F:26:3E:F2,-62,127,0.6086196981303116,12.212154993755854,1.426515137036334,1764640624324,cached,
1764640624496,2025-12-02 10:57:04.496,AC:23:3F:26:3E:F2,-64,127,0.5957859945104174,12.188611929706099,1.4244649824275486,1764640624496,calculated,
1764640624509,2025-12-02 10:57:04.509,AC:23:3F:26:3E:EF,-74,127,0.5957859945104174,12.188611929706099,1.4244649824275486,1764640624496,cached,
1764640624524,2025-12-02 10:57:04.524,AC:23:3F:26:3E:EF,-67,127,0.5957859945104174,12.188611929706099,1.4244649824275486,1764640624496,cached,
1764640624567,2025-12-02 10:57:04.567,68:9E:19:03:95:F1,-64,127,0.5957972961857727,12.158454740398856,1.4244649824275486,1764640624567,calculated,
1764640624638,2025-12-02 10:57:04.638,68:9E:19:03:95:F1,-73,127,0.5957972961857727,12.158454740398856,1.4244649824275486,1764640624567,cached,
1764640624683,2025-12-02 10:57:04.683,68:9E:19:03:95:84,-74,127,0.5957972961857727,12.158454740398856,1.4244649824275486,1764640624567,cached,
1764640624722,2025-12-02 10:57:04.722,AC:23:3F:26:3E:EF,-65,127,0.5957972961857727,12.158454740398856,1.4244649824275486,1764640624567,cached,
1764640624753,2025-12-02 10:57:04.753,68:9E:19:03:95:F1,-81,127,0.5957972961857727,12.158454740398856,1.4244649824275486,1764640624567,cached,
1764640624789,2025-12-02 10:57:04.789,AC:23:3F:26:3E:F2,-64,127,0.5866586905447544,12.090158774779356,1.421457938034796,1764640624789,calculated,
1764640624825,2025-12-02 10:57:04.825,AC:23:3F:26:3E:F1,-76,127,0.5866586905447544,12.090158774779356,1.421457938034796,1764640624789,cached,
1764640624875,2025-12-02 10:57:04.875,68:9E:19:03:95:F1,-71,127,0.6034346544167973,11.966507754869435,1.4248420990940103,1764640624875,calculated,
1764640624878,2025-12-02 10:57:04.878,AC:23:3F:26:3E:F2,-80,127,0.6034346544167973,11.966507754869435,1.4248420990940103,1764640624875,cached,
1764640624896,2025-12-02 10:57:04.896,68:9E:19:03:95:84,-76,127,0.6034346544167973,11.966507754869435,1.4248420990940103,1764640624875,cached,
1764640624957,2025-12-02 10:57:04.957,68:9E:19:03:95:F1,-69,127,0.6034346544167973,11.966507754869435,1.4248420990940103,1764640624875,cached,
1764640625030,2025-12-02 10:57:05.030,AC:23:3F:26:3E:EF,-65,127,0.6034346544167973,11.957268126532888,1.4248420990940103,1764640625030,calculated,
1764640625059,2025-12-02 10:57:05.059,68:9E:19:03:95:F1,-69,127,0.6034346544167973,11.957268126532888,1.4248420990940103,1764640625030,cached,
1764640625069,2025-12-02 10:57:05.069,AC:23:3F:26:3E:F1,-81,127,0.6034346544167973,11.957268126532888,1.4248420990940103,1764640625030,cached,
1764640625197,2025-12-02 10:57:05.197,AC:23:3F:26:3E:F2,-84,127,0.633021929675523,11.824892334257093,1.4259996592127713,1764640625197,calculated,
1764640625220,2025-12-02 10:57:05.220,68:9E:19:03:95:84,-82,127,0.633021929675523,11.824892334257093,1.4259996592127713,1764640625197,cached,
1764640625221,2025-12-02 10:57:05.221,AC:23:3F:26:3E:EF,-63,127,0.633021929675523,11.824892334257093,1.4259996592127713,1764640625197,cached,
1764640625267,2025-12-02 10:57:05.267,68:9E:19:03:95:F1,-76,127,0.633021929675523,11.824892334257093,1.4259996592127713,1764640625197,cached,
1764640625361,2025-12-02 10:57:05.361,68:9E:19:03:95:F1,-64,127,0.6385861282200888,11.791585572804811,1.4259996592127713,1764640625361,calculated,
1764640625429,2025-12-02 10:57:05.429,AC:23:3F:26:3E:EF,-66,127,0.6485518421488243,11.76383634302669,1.4221175956159107,1764640625429,calculated,
1764640625434,2025-12-02 10:57:05.434,AC:23:3F:26:3E:F1,-69,127,0.6485518421488243,11.76383634302669,1.4221175956159107,1764640625429,cached,
1764640625441,2025-12-02 10:57:05.441,68:9E:19:03:95:84,-83,127,0.6485518421488243,11.76383634302669,1.4221175956159107,1764640625429,cached,
1764640625462,2025-12-02 10:57:05.462,68:9E:19:03:95:F1,-69,127,0.6485518421488243,11.76383634302669,1.4221175956159107,1764640625429,cached,
1764640625572,2025-12-02 10:57:05.572,68:9E:19:03:95:F1,-71,127,0.6551830827664409,11.718660129683101,1.4221175956159107,1764640625572,calculated,
1764640625626,2025-12-02 10:57:05.626,68:9E:19:03:95:84,-79,127,0.6551830827664409,11.718660129683101,1.4221175956159107,1764640625572,cached,
1764640625682,2025-12-02 10:57:05.682,68:9E:19:03:95:F1,-76,127,0.6491262094005162,11.675125296934183,1.4205934977216181,1764640625682,calculated,
1764640625788,2025-12-02 10:57:05.788,AC:23:3F:26:3E:F1,-75,127,0.6491262094005162,11.675125296934183,1.4205934977216181,1764640625682,cached,
1764640625792,2025-12-02 10:57:05.792,68:9E:19:03:95:F1,-78,127,0.6491262094005162,11.675125296934183,1.4205934977216181,1764640625682,cached,
1764640625851,2025-12-02 10:57:05.851,68:9E:19:03:95:84,-79,127,0.655744092900156,11.654425862433436,1.4165172394915833,1764640625851,calculated,
1764640625871,2025-12-02 10:57:05.871,AC:23:3F:26:3E:F2,-64,127,0.655744092900156,11.654425862433436,1.4165172394915833,1764640625851,cached,
1764640625914,2025-12-02 10:57:05.914,AC:23:3F:26:3E:F2,-63,127,0.6487015634912764,11.592008003124288,1.4149539824052548,1764640625914,calculated,
1764640625943,2025-12-02 10:57:05.943,AC:23:3F:26:3E:EF,-60,127,0.6487015634912764,11.592008003124288,1.4149539824052548,1764640625914,cached,
1764640626013,2025-12-02 10:57:06.013,68:9E:19:03:95:F1,-76,127,0.6487015634912764,11.592008003124288,1.4149539824052548,1764640625914,cached,
1764640626052,2025-12-02 10:57:06.052,68:9E:19:03:95:84,-80,127,0.6487015634912764,11.592008003124288,1.4149539824052548,1764640625914,cached,
1764640626106,2025-12-02 10:57:06.106,68:9E:19:03:95:F1,-69,127,0.6487015634912764,11.592008003124288,1.4149539824052548,1764640625914,cached,
1764640626112,2025-12-02 10:57:06.112,AC:23:3F:26:3E:EF,-68,127,0.6485518421488243,11.55923630271703,1.4149539824052548,1764640626112,calculated,
1764640626161,2025-12-02 10:57:06.161,68:9E:19:03:95:84,-77,127,0.6485518421488243,11.55923630271703,1.4149539824052548,1764640626112,cached,
1764640626194,2025-12-02 10:57:06.194,AC:23:3F:26:3E:F2,-64,127,0.6238502328710832,11.460708249144881,1.4188355775731056,1764640626194,calculated,
1764640626212,2025-12-02 10:57:06.212,68:9E:19:03:95:F1,-75,127,0.6238502328710832,11.460708249144881,1.4188355775731056,1764640626194,cached,
1764640626227,2025-12-02 10:57:06.227,AC:23:3F:26:3E:F1,-75,127,0.6238502328710832,11.460708249144881,1.4188355775731056,1764640626194,cached,
1764640626309,2025-12-02 10:57:06.309,68:9E:19:03:95:F1,-71,127,0.6238502328710832,11.460708249144881,1.4188355775731056,1764640626194,cached,
1764640626375,2025-12-02 10:57:06.375,68:9E:19:03:95:84,-80,127,0.6238502328710832,11.450067012479037,1.4188355775731056,1764640626375,calculated,
1764640626424,2025-12-02 10:57:06.424,68:9E:19:03:95:F1,-73,127,0.6238502328710832,11.450067012479037,1.4188355775731056,1764640626375,cached,
1764640626454,2025-12-02 10:57:06.454,AC:23:3F:26:3E:EF,-57,127,0.6169629979617096,11.393862529516527,1.4211805654812346,1764640626454,calculated,
1764640626480,2025-12-02 10:57:06.480,68:9E:19:03:95:84,-84,127,0.6169629979617096,11.393862529516527,1.4211805654812346,1764640626454,cached,
1764640626497,2025-12-02 10:57:06.497,AC:23:3F:26:3E:F1,-89,127,0.6169629979617096,11.393862529516527,1.4211805654812346,1764640626454,cached,
1764640626527,2025-12-02 10:57:06.527,68:9E:19:03:95:F1,-80,127,0.6169629979617096,11.393862529516527,1.4211805654812346,1764640626454,cached,
1764640626564,2025-12-02 10:57:06.564,AC:23:3F:26:3E:F2,-72,127,0.6169629979617096,11.393862529516527,1.4211805654812346,1764640626454,cached,
1764640626622,2025-12-02 10:57:06.622,AC:23:3F:26:3E:F2,-70,127,0.6169629979617096,11.393862529516527,1.4211805654812346,1764640626454,cached,
1764640626642,2025-12-02 10:57:06.642,68:9E:19:03:95:F1,-69,127,0.5972879206291211,11.36196300859692,1.4319191137487912,1764640626642,calculated,
1764640626701,2025-12-02 10:57:06.701,68:9E:19:03:95:84,-92,127,0.5972879206291211,11.36196300859692,1.4319191137487912,1764640626642,cached,
1764640626752,2025-12-02 10:57:06.752,68:9E:19:03:95:F1,-72,127,0.5814804707115167,11.333093702262031,1.4301721056257402,1764640626752,calculated,
1764640626827,2025-12-02 10:57:06.827,AC:23:3F:26:3E:EF,-66,127,0.5814804707115167,11.333093702262031,1.4301721056257402,1764640626752,cached,
1764640626841,2025-12-02 10:57:06.841,AC:23:3F:26:3E:F1,-81,127,0.5814804707115167,11.333093702262031,1.4301721056257402,1764640626752,cached,
1764640626850,2025-12-02 10:57:06.850,68:9E:19:03:95:F1,-77,127,0.5814804707115167,11.333093702262031,1.4301721056257402,1764640626752,cached,
1764640626909,2025-12-02 10:57:06.909,AC:23:3F:26:3E:F2,-66,127,0.5730691197129314,11.296121937023658,1.4330963353989414,1764640626909,calculated,
1764640626916,2025-12-02 10:57:06.916,68:9E:19:03:95:84,-82,127,0.5730691197129314,11.296121937023658,1.4330963353989414,1764640626909,cached,
1764640626926,2025-12-02 10:57:06.926,AC:23:3F:26:3E:F1,-77,127,0.5730691197129314,11.296121937023658,1.4330963353989414,1764640626909,cached,
1764640626971,2025-12-02 10:57:06.971,68:9E:19:03:95:F1,-77,127,0.5730691197129314,11.296121937023658,1.4330963353989414,1764640626909,cached,
1764640627061,2025-12-02 10:57:07.061,68:9E:19:03:95:F1,-68,127,0.5706955354736428,11.262280770135552,1.4301721056257402,1764640627061,calculated,
1764640627122,2025-12-02 10:57:07.122,68:9E:19:03:95:84,-84,127,0.5706955354736428,11.262280770135552,1.4301721056257402,1764640627061,cached,
1764640627220,2025-12-02 10:57:07.220,AC:23:3F:26:3E:F1,-71,127,0.5616336076395133,11.225777792754458,1.4211805654812346,1764640627220,calculated,
1764640627235,2025-12-02 10:57:07.235,68:9E:19:03:95:84,-86,127,0.5616336076395133,11.225777792754458,1.4211805654812346,1764640627220,cached,
1764640627279,2025-12-02 10:57:07.279,68:9E:19:03:95:F1,-69,127,0.5692713466149465,11.225777792754458,1.42068323862313,1764640627279,calculated,
1764640627324,2025-12-02 10:57:07.324,AC:23:3F:26:3E:F2,-78,127,0.5692713466149465,11.225777792754458,1.42068323862313,1764640627279,cached,
1764640627367,2025-12-02 10:57:07.367,AC:23:3F:26:3E:EF,-68,127,0.5692713466149465,11.225777792754458,1.42068323862313,1764640627279,cached,
1764640627372,2025-12-02 10:57:07.372,68:9E:19:03:95:F1,-67,127,0.5692713466149465,11.225777792754458,1.42068323862313,1764640627279,cached,
1764640627465,2025-12-02 10:57:07.465,AC:23:3F:26:3E:F1,-90,127,0.5692713466149465,11.158431385062903,1.42068323862313,1764640627465,calculated,
1764640627486,2025-12-02 10:57:07.486,68:9E:19:03:95:F1,-72,127,0.5692713466149465,11.158431385062903,1.42068323862313,1764640627465,cached,
1764640627530,2025-12-02 10:57:07.530,AC:23:3F:26:3E:EF,-64,127,0.5692713466149465,11.158431385062903,1.42068323862313,1764640627465,cached,
1764640627572,2025-12-02 10:57:07.572,AC:23:3F:26:3E:F1,-69,127,0.5730691197129314,11.146583180801173,1.42068323862313,1764640627572,calculated,
1764640627584,2025-12-02 10:57:07.584,68:9E:19:03:95:F1,-70,127,0.5730691197129314,11.146583180801173,1.42068323862313,1764640627572,cached,
1764640627586,2025-12-02 10:57:07.586,AC:23:3F:26:3E:F2,-68,127,0.5730691197129314,11.146583180801173,1.42068323862313,1764640627572,cached,
1764640627641,2025-12-02 10:57:07.641,AC:23:3F:26:3E:F1,-82,127,0.5730691197129314,11.146583180801173,1.42068323862313,1764640627572,cached,
1764640627648,2025-12-02 10:57:07.648,68:9E:19:03:95:84,-80,127,0.5730691197129314,11.146583180801173,1.42068323862313,1764640627572,cached,
1764640627686,2025-12-02 10:57:07.686,68:9E:19:03:95:F1,-71,127,0.5730691197129314,11.146583180801173,1.42068323862313,1764640627572,cached,
1764640627754,2025-12-02 10:57:07.754,68:9E:19:03:95:84,-82,127,0.6030261591745849,11.032346422607619,1.42068323862313,1764640627754,calculated,
1764640627804,2025-12-02 10:57:07.804,68:9E:19:03:95:F1,-73,127,0.6030261591745849,11.032346422607619,1.42068323862313,1764640627804,calculated,
1764640627889,2025-12-02 10:57:07.889,AC:23:3F:26:3E:EF,-59,127,0.6030261591745849,11.032346422607619,1.42068323862313,1764640627804,cached,
1764640627907,2025-12-02 10:57:07.907,68:9E:19:03:95:F1,-81,127,0.6030261591745849,11.032346422607619,1.42068323862313,1764640627804,cached,
1764640627920,2025-12-02 10:57:07.920,AC:23:3F:26:3E:F1,-80,127,0.6030261591745849,11.032346422607619,1.42068323862313,1764640627804,cached,
1764640628004,2025-12-02 10:57:08.004,68:9E:19:03:95:F1,-72,127,0.6416249876304629,10.913949750795398,1.4223244134143327,1764640628004,calculated,
1764640628047,2025-12-02 10:57:08.047,AC:23:3F:26:3E:F2,-67,127,0.6416249876304629,10.913949750795398,1.4223244134143327,1764640628004,cached,
1764640628071,2025-12-02 10:57:08.071,68:9E:19:03:95:84,-80,127,0.6416249876304629,10.913949750795398,1.4223244134143327,1764640628004,cached,
1764640628080,2025-12-02 10:57:08.080,AC:23:3F:26:3E:EF,-60,127,0.6416249876304629,10.913949750795398,1.4223244134143327,1764640628080,calculated,
1764640628113,2025-12-02 10:57:08.113,68:9E:19:03:95:F1,-72,127,0.6416249876304629,10.913949750795398,1.4223244134143327,1764640628080,cached,
1764640628178,2025-12-02 10:57:08.178,68:9E:19:03:95:84,-84,127,0.6416249876304629,10.913949750795398,1.4223244134143327,1764640628080,cached,
1764640628218,2025-12-02 10:57:08.218,68:9E:19:03:95:F1,-71,127,0.6416249876304629,10.913949750795398,1.4223244134143327,1764640628080,cached,
1764640628237,2025-12-02 10:57:08.237,AC:23:3F:26:3E:EF,-62,127,0.6416249876304629,10.913949750795398,1.4223244134143327,1764640628080,cached,
1764640628277,2025-12-02 10:57:08.277,AC:23:3F:26:3E:F1,-83,127,0.6668717206375262,10.84699894980676,1.4223244134143327,1764640628277,calculated,
1764640628292,2025-12-02 10:57:08.292,68:9E:19:03:95:84,-79,127,0.6668717206375262,10.84699894980676,1.4223244134143327,1764640628277,cached,
1764640628321,2025-12-02 10:57:08.321,AC:23:3F:26:3E:F2,-67,127,0.6668717206375262,10.84699894980676,1.4223244134143327,1764640628277,cached,
1764640628358,2025-12-02 10:57:08.358,AC:23:3F:26:3E:F1,-69,127,0.6834078132425274,10.806931163300243,1.4230430544061483,1764640628358,calculated,
1764640628392,2025-12-02 10:57:08.392,68:9E:19:03:95:84,-78,127,0.6834078132425274,10.806931163300243,1.4230430544061483,1764640628358,cached,
1764640628507,2025-12-02 10:57:08.507,AC:23:3F:26:3E:EF,-72,127,0.6834078132425274,10.806931163300243,1.4230430544061483,1764640628358,cached,
1764640628515,2025-12-02 10:57:08.515,68:9E:19:03:95:84,-76,127,0.6834078132425274,10.806931163300243,1.4230430544061483,1764640628358,cached,
1764640628548,2025-12-02 10:57:08.548,68:9E:19:03:95:F1,-65,127,0.691931018995859,10.73591380541917,1.4286868697122355,1764640628548,calculated,
1764640628619,2025-12-02 10:57:08.619,AC:23:3F:26:3E:EF,-59,127,0.6914787714766426,10.666292631560008,1.4286868697122355,1764640628619,calculated,
1764640628623,2025-12-02 10:57:08.623,68:9E:19:03:95:84,-85,127,0.6914787714766426,10.666292631560008,1.4286868697122355,1764640628619,cached,
1764640628639,2025-12-02 10:57:08.639,68:9E:19:03:95:F1,-70,127,0.6914787714766426,10.666292631560008,1.4286868697122355,1764640628619,cached,
1764640628642,2025-12-02 10:57:08.642,AC:23:3F:26:3E:F1,-86,127,0.6914787714766426,10.666292631560008,1.4286868697122355,1764640628619,cached,
1764640628683,2025-12-02 10:57:08.683,AC:23:3F:26:3E:F2,-63,127,0.6914787714766426,10.666292631560008,1.4286868697122355,1764640628619,cached,
1764640628735,2025-12-02 10:57:08.735,68:9E:19:03:95:F1,-78,127,0.6914787714766426,10.666292631560008,1.4286868697122355,1764640628619,cached,
1764640628797,2025-12-02 10:57:08.797,AC:23:3F:26:3E:EF,-70,127,0.6916781005192987,10.65747393699317,1.4260119099974176,1764640628797,calculated,
1764640628821,2025-12-02 10:57:08.821,68:9E:19:03:95:84,-90,127,0.6916781005192987,10.65747393699317,1.4260119099974176,1764640628797,cached,
1764640628842,2025-12-02 10:57:08.842,68:9E:19:03:95:F1,-78,127,0.6690741715135478,10.56999490333852,1.4286868697122355,1764640628842,calculated,
1764640628876,2025-12-02 10:57:08.876,AC:23:3F:26:3E:F2,-84,127,0.6690741715135478,10.56999490333852,1.4286868697122355,1764640628842,cached,
1764640628933,2025-12-02 10:57:08.933,68:9E:19:03:95:84,-86,127,0.6690741715135478,10.56999490333852,1.4286868697122355,1764640628842,cached,
1764640628965,2025-12-02 10:57:08.965,AC:23:3F:26:3E:EF,-58,127,0.6690741715135478,10.56999490333852,1.4286868697122355,1764640628842,cached,
1764640628968,2025-12-02 10:57:08.968,68:9E:19:03:95:F1,-78,127,0.6690741715135478,10.56999490333852,1.4286868697122355,1764640628842,cached,
1764640629007,2025-12-02 10:57:09.007,AC:23:3F:26:3E:F1,-77,127,0.6690741715135478,10.56999490333852,1.4286868697122355,1764640628842,cached,
1764640629018,2025-12-02 10:57:09.018,AC:23:3F:26:3E:F2,-67,127,0.6690741715135478,10.56999490333852,1.4286868697122355,1764640628842,cached,
1764640629036,2025-12-02 10:57:09.036,68:9E:19:03:95:84,-87,127,0.6690741715135478,10.56999490333852,1.4286868697122355,1764640628842,cached,
1764640629046,2025-12-02 10:57:09.046,AC:23:3F:26:3E:F1,-81,127,0.6690741715135478,10.56999490333852,1.4286868697122355,1764640628842,cached,
1764640629056,2025-12-02 10:57:09.056,68:9E:19:03:95:F1,-74,127,0.6690741715135478,10.56999490333852,1.4286868697122355,1764640628842,cached,
1764640629156,2025-12-02 10:57:09.156,68:9E:19:03:95:84,-91,127,0.6608103904773199,10.507263941598746,1.4314780148791553,1764640629156,calculated,
1764640629158,2025-12-02 10:57:09.158,68:9E:19:03:95:F1,-74,127,0.6608103904773199,10.507263941598746,1.4314780148791553,1764640629156,cached,
1764640629256,2025-12-02 10:57:09.256,68:9E:19:03:95:F1,-74,127,0.6608103904773199,10.507263941598746,1.4314780148791553,1764640629156,cached,
1764640629284,2025-12-02 10:57:09.284,AC:23:3F:26:3E:EF,-60,127,0.6608103904773199,10.507263941598746,1.4314780148791553,1764640629156,cached,
1764640629352,2025-12-02 10:57:09.352,68:9E:19:03:95:84,-85,127,0.6330521550148616,10.39811507732356,1.4339843124560578,1764640629352,calculated,
1764640629356,2025-12-02 10:57:09.356,AC:23:3F:26:3E:F1,-83,127,0.6330521550148616,10.39811507732356,1.4339843124560578,1764640629352,cached,
1764640629360,2025-12-02 10:57:09.360,68:9E:19:03:95:F1,-80,127,0.6330521550148616,10.39811507732356,1.4339843124560578,1764640629352,cached,
1764640629455,2025-12-02 10:57:09.455,AC:23:3F:26:3E:F2,-67,127,0.627525655577618,10.366203893612923,1.4332254055443636,1764640629455,calculated,
1764640629467,2025-12-02 10:57:09.467,68:9E:19:03:95:F1,-85,127,0.627525655577618,10.366203893612923,1.4332254055443636,1764640629455,cached,
1764640629491,2025-12-02 10:57:09.491,AC:23:3F:26:3E:EF,-61,127,0.627525655577618,10.366203893612923,1.4332254055443636,1764640629455,cached,
1764640629578,2025-12-02 10:57:09.578,68:9E:19:03:95:F1,-76,127,0.627525655577618,10.366203893612923,1.4332254055443636,1764640629455,cached,
1764640629672,2025-12-02 10:57:09.672,AC:23:3F:26:3E:EF,-62,127,0.6150807401961783,10.303551935408947,1.435718335713165,1764640629672,calculated,
1764640629678,2025-12-02 10:57:09.678,68:9E:19:03:95:84,-85,127,0.6150807401961783,10.303551935408947,1.435718335713165,1764640629672,cached,
1764640629711,2025-12-02 10:57:09.711,68:9E:19:03:95:F1,-69,127,0.6150807401961783,10.303551935408947,1.435718335713165,1764640629672,cached,
1764640629714,2025-12-02 10:57:09.714,AC:23:3F:26:3E:F1,-86,127,0.6150807401961783,10.303551935408947,1.435718335713165,1764640629672,cached,
1764640629756,2025-12-02 10:57:09.756,AC:23:3F:26:3E:F1,-76,127,0.6150807401961783,10.303551935408947,1.435718335713165,1764640629672,cached,
1764640629774,2025-12-02 10:57:09.774,68:9E:19:03:95:84,-83,127,0.6150807401961783,10.303551935408947,1.435718335713165,1764640629672,cached,
1764640629795,2025-12-02 10:57:09.795,68:9E:19:03:95:F1,-69,127,0.6150807401961783,10.303551935408947,1.435718335713165,1764640629672,cached,
1764640629884,2025-12-02 10:57:09.884,68:9E:19:03:95:84,-89,127,0.605370040742269,10.268887054197052,1.4391217919149166,1764640629884,calculated,
1764640629897,2025-12-02 10:57:09.897,68:9E:19:03:95:F1,-68,127,0.605370040742269,10.268887054197052,1.4391217919149166,1764640629884,cached,
1764640629988,2025-12-02 10:57:09.988,68:9E:19:03:95:84,-90,127,0.6150807401961783,10.237092121426222,1.4396249749372272,1764640629988,calculated,
1764640629995,2025-12-02 10:57:09.995,AC:23:3F:26:3E:EF,-60,127,0.6150807401961783,10.237092121426222,1.4396249749372272,1764640629988,cached,
1764640630017,2025-12-02 10:57:10.017,68:9E:19:03:95:F1,-71,127,0.6150807401961783,10.237092121426222,1.4396249749372272,1764640629988,cached,
1764640630076,2025-12-02 10:57:10.076,AC:23:3F:26:3E:F1,-78,127,0.6150807401961783,10.237092121426222,1.4396249749372272,1764640629988,cached,
1764640630090,2025-12-02 10:57:10.090,68:9E:19:03:95:84,-79,127,0.6150807401961783,10.237092121426222,1.4396249749372272,1764640629988,cached,
1764640630120,2025-12-02 10:57:10.120,AC:23:3F:26:3E:F2,-60,127,0.6261936748862449,10.18580797939632,1.4391217919149166,1764640630120,calculated,
1764640630126,2025-12-02 10:57:10.126,68:9E:19:03:95:F1,-78,127,0.6261936748862449,10.18580797939632,1.4391217919149166,1764640630120,cached,
1764640630159,2025-12-02 10:57:10.159,AC:23:3F:26:3E:F2,-79,127,0.6261936748862449,10.18580797939632,1.4391217919149166,1764640630120,cached,
1764640630203,2025-12-02 10:57:10.203,68:9E:19:03:95:84,-83,127,0.6460545375420117,10.114623151733772,1.4433467354985345,1764640630203,calculated,
1764640630217,2025-12-02 10:57:10.217,68:9E:19:03:95:F1,-87,127,0.6460545375420117,10.114623151733772,1.4433467354985345,1764640630203,cached,
1764640630222,2025-12-02 10:57:10.222,AC:23:3F:26:3E:EF,-54,127,0.6460545375420117,10.114623151733772,1.4433467354985345,1764640630203,cached,
1764640630314,2025-12-02 10:57:10.314,68:9E:19:03:95:84,-83,127,0.6460545375420117,10.114623151733772,1.4433467354985345,1764640630203,cached,
1764640630334,2025-12-02 10:57:10.334,68:9E:19:03:95:F1,-68,127,0.6460545375420117,10.114623151733772,1.4433467354985345,1764640630203,cached,
1764640630367,2025-12-02 10:57:10.367,AC:23:3F:26:3E:EF,-61,127,0.6464453680020956,10.076452884849157,1.4433467354985345,1764640630367,calculated,
1764640630395,2025-12-02 10:57:10.395,AC:23:3F:26:3E:F2,-58,127,0.6464453680020956,10.076452884849157,1.4433467354985345,1764640630367,cached,
1764640630402,2025-12-02 10:57:10.402,AC:23:3F:26:3E:F1,-79,127,0.6464453680020956,10.076452884849157,1.4433467354985345,1764640630367,cached,
1764640630428,2025-12-02 10:57:10.428,68:9E:19:03:95:84,-82,127,0.6464453680020956,10.076452884849157,1.4433467354985345,1764640630367,cached,
1764640630461,2025-12-02 10:57:10.461,AC:23:3F:26:3E:F1,-84,127,0.6464453680020956,10.076452884849157,1.4433467354985345,1764640630367,cached,
1764640630523,2025-12-02 10:57:10.523,68:9E:19:03:95:84,-90,127,0.6880540592317616,9.971258070564417,1.4384820614601364,1764640630523,calculated,
1764640630533,2025-12-02 10:57:10.533,68:9E:19:03:95:F1,-78,127,0.6880540592317616,9.971258070564417,1.4384820614601364,1764640630523,cached,
1764640630645,2025-12-02 10:57:10.645,68:9E:19:03:95:84,-82,127,0.6957809029614896,9.935943629900203,1.4384820614601364,1764640630645,calculated,
1764640630688,2025-12-02 10:57:10.688,68:9E:19:03:95:F1,-68,127,0.6957809029614896,9.935943629900203,1.4384820614601364,1764640630645,cached,
1764640630696,2025-12-02 10:57:10.696,AC:23:3F:26:3E:EF,-59,127,0.6957809029614896,9.935943629900203,1.4384820614601364,1764640630645,cached,
1764640630723,2025-12-02 10:57:10.723,68:9E:19:03:95:84,-79,127,0.6957809029614896,9.935943629900203,1.4384820614601364,1764640630645,cached,
1764640630787,2025-12-02 10:57:10.787,AC:23:3F:26:3E:F1,-72,127,0.6979098794195989,9.923923565197,1.4359234836844763,1764640630787,calculated,
1764640630803,2025-12-02 10:57:10.803,AC:23:3F:26:3E:F2,-71,127,0.6979098794195989,9.923923565197,1.4359234836844763,1764640630787,cached,
1764640630839,2025-12-02 10:57:10.839,68:9E:19:03:95:84,-82,127,0.6979098794195989,9.923923565197,1.4359234836844763,1764640630787,cached,
1764640630846,2025-12-02 10:57:10.846,68:9E:19:03:95:F1,-76,127,0.6979098794195989,9.923923565197,1.4359234836844763,1764640630787,cached,
1764640630869,2025-12-02 10:57:10.869,AC:23:3F:26:3E:F2,-69,127,0.6979098794195989,9.923923565197,1.4359234836844763,1764640630787,cached,
1764640630929,2025-12-02 10:57:10.929,AC:23:3F:26:3E:EF,-60,127,0.7040830888469563,9.905967838817139,1.4325901913033103,1764640630929,calculated,
1764640630954,2025-12-02 10:57:10.954,68:9E:19:03:95:F1,-70,127,0.7040830888469563,9.905967838817139,1.4325901913033103,1764640630929,cached,
1764640631037,2025-12-02 10:57:11.037,68:9E:19:03:95:84,-83,127,0.704696175086558,9.867427051752896,1.424463913189172,1764640631037,calculated,
1764640631127,2025-12-02 10:57:11.127,AC:23:3F:26:3E:F2,-58,127,0.704696175086558,9.867427051752896,1.424463913189172,1764640631037,cached,
1764640631133,2025-12-02 10:57:11.133,AC:23:3F:26:3E:F1,-80,127,0.704696175086558,9.867427051752896,1.424463913189172,1764640631037,cached,
1764640631188,2025-12-02 10:57:11.188,68:9E:19:03:95:F1,-86,127,0.704696175086558,9.867427051752896,1.424463913189172,1764640631037,cached,
1764640631193,2025-12-02 10:57:11.193,AC:23:3F:26:3E:F1,-80,127,0.704696175086558,9.867427051752896,1.424463913189172,1764640631037,cached,
1764640631259,2025-12-02 10:57:11.259,68:9E:19:03:95:F1,-74,127,0.7048015196214766,9.841773623817996,1.4169654334655746,1764640631259,calculated,
1764640631367,2025-12-02 10:57:11.367,68:9E:19:03:95:F1,-77,127,0.7044342227712428,9.750059680800506,1.424463913189172,1764640631367,calculated,
1764640631410,2025-12-02 10:57:11.410,AC:23:3F:26:3E:EF,-55,127,0.7044342227712428,9.750059680800506,1.424463913189172,1764640631367,cached,
1764640631467,2025-12-02 10:57:11.467,68:9E:19:03:95:F1,-79,127,0.7040830888469563,9.718659528679016,1.4169654334655746,1764640631467,calculated,
1764640631479,2025-12-02 10:57:11.479,68:9E:19:03:95:84,-90,127,0.7040830888469563,9.718659528679016,1.4169654334655746,1764640631467,cached,
1764640631482,2025-12-02 10:57:11.482,AC:23:3F:26:3E:F1,-90,127,0.7040830888469563,9.718659528679016,1.4169654334655746,1764640631467,cached,
1764640631502,2025-12-02 10:57:11.502,AC:23:3F:26:3E:F2,-64,127,0.7040830888469563,9.718659528679016,1.4169654334655746,1764640631467,cached,
1764640631562,2025-12-02 10:57:11.562,68:9E:19:03:95:F1,-74,127,0.7040830888469563,9.718659528679016,1.4169654334655746,1764640631467,cached,
1764640631566,2025-12-02 10:57:11.566,68:9E:19:03:95:84,-80,127,0.7040830888469563,9.718659528679016,1.4169654334655746,1764640631467,cached,
1764640631604,2025-12-02 10:57:11.604,AC:23:3F:26:3E:F2,-63,127,0.6979098794195989,9.707455773959982,1.418799999528765,1764640631604,calculated,
1764640631641,2025-12-02 10:57:11.641,AC:23:3F:26:3E:EF,-59,127,0.6979098794195989,9.707455773959982,1.418799999528765,1764640631604,cached,
1764640631678,2025-12-02 10:57:11.678,68:9E:19:03:95:F1,-75,127,0.6979098794195989,9.707455773959982,1.418799999528765,1764640631604,cached,
1764640631681,2025-12-02 10:57:11.681,68:9E:19:03:95:84,-79,127,0.6979098794195989,9.707455773959982,1.418799999528765,1764640631604,cached,
1764640631766,2025-12-02 10:57:11.766,68:9E:19:03:95:F1,-84,127,0.6717661712518731,9.585009754178014,1.418799999528765,1764640631766,calculated,
1764640631788,2025-12-02 10:57:11.788,68:9E:19:03:95:84,-85,127,0.6717661712518731,9.585009754178014,1.418799999528765,1764640631766,cached,
1764640631799,2025-12-02 10:57:11.799,AC:23:3F:26:3E:F2,-52,127,0.6717661712518731,9.585009754178014,1.418799999528765,1764640631766,cached,
1764640631866,2025-12-02 10:57:11.866,AC:23:3F:26:3E:F1,-78,127,0.6598790983078969,9.557287914074536,1.4279968920405683,1764640631866,calculated,
1764640631876,2025-12-02 10:57:11.876,68:9E:19:03:95:F1,-80,127,0.6598790983078969,9.557287914074536,1.4279968920405683,1764640631866,cached,
1764640631983,2025-12-02 10:57:11.983,68:9E:19:03:95:F1,-76,127,0.6598790983078969,9.557287914074536,1.4279968920405683,1764640631866,cached,
1764640632119,2025-12-02 10:57:12.119,AC:23:3F:26:3E:EF,-61,127,0.6181163009389322,9.481149032848712,1.4282382670831526,1764640632119,calculated,
1764640632205,2025-12-02 10:57:12.205,68:9E:19:03:95:F1,-74,127,0.6181163009389322,9.481149032848712,1.4282382670831526,1764640632119,cached,
1764640632227,2025-12-02 10:57:12.227,AC:23:3F:26:3E:F2,-56,127,0.6181163009389322,9.481149032848712,1.4282382670831526,1764640632119,cached,
1764640632360,2025-12-02 10:57:12.360,AC:23:3F:26:3E:EF,-59,127,0.6108908089513704,9.432083890691311,1.4293294862075594,1764640632360,calculated,
1764640632407,2025-12-02 10:57:12.407,68:9E:19:03:95:F1,-74,127,0.6150213319479869,9.38789253867283,1.4283888068792823,1764640632407,calculated,
1764640632475,2025-12-02 10:57:12.475,AC:23:3F:26:3E:EF,-58,127,0.6150213319479869,9.38789253867283,1.4283888068792823,1764640632407,cached,
1764640632502,2025-12-02 10:57:12.502,AC:23:3F:26:3E:EF,-71,127,0.6150213319479869,9.38789253867283,1.4283888068792823,1764640632407,cached,
1764640632518,2025-12-02 10:57:12.518,AC:23:3F:26:3E:F2,-57,127,0.6150213319479869,9.38789253867283,1.4283888068792823,1764640632407,cached,
1764640632551,2025-12-02 10:57:12.551,AC:23:3F:26:3E:F1,-78,127,0.6150213319479869,9.38789253867283,1.4283888068792823,1764640632407,cached,
1764640632593,2025-12-02 10:57:12.593,AC:23:3F:26:3E:F1,-84,127,0.6030094196574118,9.360481475993536,1.4283888068792823,1764640632593,calculated,
1764640632620,2025-12-02 10:57:12.620,68:9E:19:03:95:84,-87,127,0.6030094196574118,9.360481475993536,1.4283888068792823,1764640632593,cached,
1764640632726,2025-12-02 10:57:12.726,68:9E:19:03:95:F1,-80,127,0.6150213319479869,9.27416392215961,1.4293294862075594,1764640632726,calculated,
1764640632817,2025-12-02 10:57:12.817,68:9E:19:03:95:84,-81,127,0.6150213319479869,9.27416392215961,1.4293294862075594,1764640632726,cached,
1764640632848,2025-12-02 10:57:12.848,AC:23:3F:26:3E:EF,-60,127,0.621828554171338,9.247044719153832,1.4283888068792823,1764640632848,calculated,
1764640632870,2025-12-02 10:57:12.870,AC:23:3F:26:3E:F2,-73,127,0.621828554171338,9.247044719153832,1.4283888068792823,1764640632848,cached,
1764640632937,2025-12-02 10:57:12.937,68:9E:19:03:95:84,-89,127,0.6533027930314463,9.133676770977491,1.4300367766622761,1764640632937,calculated,
1764640632951,2025-12-02 10:57:12.951,AC:23:3F:26:3E:F2,-56,127,0.6533027930314463,9.133676770977491,1.4300367766622761,1764640632937,cached,
1764640633012,2025-12-02 10:57:13.012,AC:23:3F:26:3E:F2,-57,127,0.6533027930314463,9.133676770977491,1.4300367766622761,1764640632937,cached,
1764640633039,2025-12-02 10:57:13.039,68:9E:19:03:95:F1,-81,127,0.6533027930314463,9.133676770977491,1.4300367766622761,1764640632937,cached,
1764640633070,2025-12-02 10:57:13.070,AC:23:3F:26:3E:EF,-66,127,0.6533027930314463,9.133676770977491,1.4300367766622761,1764640632937,cached,
1764640633125,2025-12-02 10:57:13.125,68:9E:19:03:95:84,-81,127,0.6533027930314463,9.129528895927889,1.4300367766622761,1764640633125,calculated,
1764640633167,2025-12-02 10:57:13.167,AC:23:3F:26:3E:EF,-62,127,0.6533027930314463,9.129528895927889,1.4300367766622761,1764640633125,cached,
1764640633194,2025-12-02 10:57:13.194,AC:23:3F:26:3E:F2,-62,127,0.6659072509695185,9.075260938498012,1.4283888068792823,1764640633194,calculated,
1764640633238,2025-12-02 10:57:13.238,68:9E:19:03:95:84,-89,127,0.6659072509695185,9.075260938498012,1.4283888068792823,1764640633194,cached,
1764640633250,2025-12-02 10:57:13.250,68:9E:19:03:95:F1,-73,127,0.6659072509695185,9.075260938498012,1.4283888068792823,1764640633194,cached,
1764640633285,2025-12-02 10:57:13.285,AC:23:3F:26:3E:F1,-87,127,0.6659072509695185,9.075260938498012,1.4283888068792823,1764640633194,cached,
1764640633343,2025-12-02 10:57:13.343,68:9E:19:03:95:F1,-80,127,0.6659072509695185,9.075260938498012,1.4283888068792823,1764640633194,cached,
1764640633437,2025-12-02 10:57:13.437,68:9E:19:03:95:84,-80,127,0.6845378397012022,9.03626653703746,1.4228629038822564,1764640633437,calculated,
1764640633484,2025-12-02 10:57:13.484,68:9E:19:03:95:F1,-73,127,0.6845378397012022,9.03626653703746,1.4228629038822564,1764640633437,cached,
1764640633526,2025-12-02 10:57:13.526,AC:23:3F:26:3E:EF,-62,127,0.6845378397012022,9.03626653703746,1.4228629038822564,1764640633437,cached,
1764640633630,2025-12-02 10:57:13.630,AC:23:3F:26:3E:F2,-58,127,0.6845378397012022,9.03626653703746,1.4228629038822564,1764640633437,cached,
1764640633649,2025-12-02 10:57:13.649,68:9E:19:03:95:84,-76,127,0.6860501302571779,8.993779863450298,1.400037397785362,1764640633649,calculated,
1764640633651,2025-12-02 10:57:13.651,AC:23:3F:26:3E:F1,-82,127,0.6860501302571779,8.993779863450298,1.400037397785362,1764640633649,cached,
1764640633664,2025-12-02 10:57:13.664,68:9E:19:03:95:F1,-78,127,0.6860501302571779,8.993779863450298,1.400037397785362,1764640633649,cached,
1764640633727,2025-12-02 10:57:13.727,AC:23:3F:26:3E:F2,-54,127,0.6860501302571779,8.964109278395105,1.394811528284761,1764640633727,calculated,
1764640633773,2025-12-02 10:57:13.773,68:9E:19:03:95:F1,-80,127,0.6860501302571779,8.964109278395105,1.394811528284761,1764640633727,cached,
1764640633783,2025-12-02 10:57:13.783,AC:23:3F:26:3E:EF,-53,127,0.6860501302571779,8.964109278395105,1.394811528284761,1764640633727,cached,
1764640633873,2025-12-02 10:57:13.873,68:9E:19:03:95:84,-91,127,0.6860501302571779,8.964109278395105,1.394811528284761,1764640633727,cached,
1764640633877,2025-12-02 10:57:13.877,AC:23:3F:26:3E:EF,-55,127,0.6860501302571779,8.964109278395105,1.394811528284761,1764640633727,cached,
1764640633967,2025-12-02 10:57:13.967,68:9E:19:03:95:84,-77,127,0.6885899598860826,8.901144329544714,1.387666196920591,1764640633967,calculated,
1764640633977,2025-12-02 10:57:13.977,AC:23:3F:26:3E:F1,-82,127,0.6846713219673263,8.866048276382728,1.3892068980874788,1764640633977,calculated,
1764640633996,2025-12-02 10:57:13.996,68:9E:19:03:95:F1,-74,127,0.6846713219673263,8.866048276382728,1.3892068980874788,1764640633977,cached,
1764640634077,2025-12-02 10:57:14.077,68:9E:19:03:95:84,-79,127,0.6846713219673263,8.866048276382728,1.3892068980874788,1764640633977,cached,
1764640634185,2025-12-02 10:57:14.185,68:9E:19:03:95:F1,-79,127,0.6633636549199681,8.755378609076484,1.3890341424989212,1764640634185,calculated,
1764640634248,2025-12-02 10:57:14.248,AC:23:3F:26:3E:EF,-72,127,0.6576519558672802,8.723697548374787,1.3914501873773886,1764640634248,calculated,
1764640634290,2025-12-02 10:57:14.290,68:9E:19:03:95:84,-78,127,0.6576519558672802,8.723697548374787,1.3914501873773886,1764640634248,cached,
1764640634302,2025-12-02 10:57:14.302,68:9E:19:03:95:F1,-72,127,0.6576519558672802,8.723697548374787,1.3914501873773886,1764640634248,cached,
1764640634345,2025-12-02 10:57:14.345,AC:23:3F:26:3E:F2,-54,127,0.6576519558672802,8.723697548374787,1.3914501873773886,1764640634248,cached,
1764640634351,2025-12-02 10:57:14.351,AC:23:3F:26:3E:F1,-73,127,0.6576519558672802,8.723697548374787,1.3914501873773886,1764640634248,cached,
1764640634428,2025-12-02 10:57:14.428,68:9E:19:03:95:84,-79,127,0.6576519558672802,8.723697548374787,1.3914501873773886,1764640634248,cached,
1764640634432,2025-12-02 10:57:14.432,68:9E:19:03:95:F1,-75,127,0.6409413160380271,8.6368334105332,1.39401493365432,1764640634432,calculated,
1764640634532,2025-12-02 10:57:14.532,AC:23:3F:26:3E:EF,-56,127,0.6271396445044457,8.595329167778777,1.396662916662307,1764640634532,calculated,
1764640634539,2025-12-02 10:57:14.539,68:9E:19:03:95:F1,-76,127,0.6271396445044457,8.595329167778777,1.396662916662307,1764640634532,cached,
1764640634582,2025-12-02 10:57:14.582,AC:23:3F:26:3E:EF,-54,127,0.6271396445044457,8.595329167778777,1.396662916662307,1764640634532,cached,
1764640634587,2025-12-02 10:57:14.587,AC:23:3F:26:3E:F2,-59,127,0.6271396445044457,8.595329167778777,1.396662916662307,1764640634532,cached,
1764640634616,2025-12-02 10:57:14.616,68:9E:19:03:95:F1,-85,127,0.6271396445044457,8.595329167778777,1.396662916662307,1764640634532,cached,
1764640634680,2025-12-02 10:57:14.680,AC:23:3F:26:3E:F1,-78,127,0.6271396445044457,8.595329167778777,1.396662916662307,1764640634532,cached,
1764640634710,2025-12-02 10:57:14.710,AC:23:3F:26:3E:F1,-78,127,0.6179222461573691,8.574108268694804,1.39979994985659,1764640634710,calculated,
1764640634731,2025-12-02 10:57:14.731,68:9E:19:03:95:84,-88,127,0.6179222461573691,8.574108268694804,1.39979994985659,1764640634710,cached,
1764640634736,2025-12-02 10:57:14.736,68:9E:19:03:95:F1,-84,127,0.6179222461573691,8.574108268694804,1.39979994985659,1764640634710,cached,
1764640634917,2025-12-02 10:57:14.917,68:9E:19:03:95:84,-78,127,0.6179222461573691,8.554785831881127,1.396662916662307,1764640634917,calculated,
1764640634946,2025-12-02 10:57:14.946,68:9E:19:03:95:F1,-83,127,0.6179222461573691,8.554785831881127,1.396662916662307,1764640634917,cached,
1764640634948,2025-12-02 10:57:14.948,AC:23:3F:26:3E:EF,-56,127,0.6179222461573691,8.554785831881127,1.396662916662307,1764640634917,cached,
1764640635036,2025-12-02 10:57:15.036,68:9E:19:03:95:F1,-90,127,0.633045771055295,8.46530020244521,1.3991736386389015,1764640635036,calculated,
1764640635056,2025-12-02 10:57:15.056,AC:23:3F:26:3E:F2,-53,127,0.633045771055295,8.46530020244521,1.3991736386389015,1764640635036,cached,
1764640635099,2025-12-02 10:57:15.099,AC:23:3F:26:3E:F1,-87,127,0.633045771055295,8.46530020244521,1.3991736386389015,1764640635036,cached,
1764640635135,2025-12-02 10:57:15.135,68:9E:19:03:95:84,-85,127,0.633045771055295,8.46530020244521,1.3991736386389015,1764640635036,cached,
1764640635138,2025-12-02 10:57:15.138,AC:23:3F:26:3E:F2,-51,127,0.633045771055295,8.46530020244521,1.3991736386389015,1764640635036,cached,
1764640635185,2025-12-02 10:57:15.185,68:9E:19:03:95:F1,-81,127,0.633045771055295,8.46530020244521,1.3991736386389015,1764640635036,cached,
1764640635218,2025-12-02 10:57:15.218,68:9E:19:03:95:84,-81,127,0.633045771055295,8.46530020244521,1.3991736386389015,1764640635036,cached,
1764640635246,2025-12-02 10:57:15.246,68:9E:19:03:95:F1,-70,127,0.6367403654516427,8.434059117414177,1.3991736386389015,1764640635246,calculated,
1764640635290,2025-12-02 10:57:15.290,AC:23:3F:26:3E:EF,-54,127,0.652048401425473,8.331604268493553,1.3967154051992379,1764640635290,calculated,
1764640635293,2025-12-02 10:57:15.293,AC:23:3F:26:3E:F2,-61,127,0.652048401425473,8.331604268493553,1.3967154051992379,1764640635290,cached,
1764640635338,2025-12-02 10:57:15.338,68:9E:19:03:95:84,-84,127,0.652048401425473,8.331604268493553,1.3967154051992379,1764640635290,cached,
1764640635379,2025-12-02 10:57:15.379,68:9E:19:03:95:F1,-75,127,0.652048401425473,8.331604268493553,1.3967154051992379,1764640635290,cached,
1764640635391,2025-12-02 10:57:15.391,AC:23:3F:26:3E:F1,-78,127,0.652048401425473,8.331604268493553,1.3967154051992379,1764640635290,cached,
1764640635430,2025-12-02 10:57:15.430,AC:23:3F:26:3E:F1,-78,127,0.652048401425473,8.331604268493553,1.3967154051992379,1764640635290,cached,
1764640635470,2025-12-02 10:57:15.470,68:9E:19:03:95:F1,-72,127,0.652048401425473,8.331604268493553,1.3967154051992379,1764640635290,cached,
1764640635484,2025-12-02 10:57:15.484,AC:23:3F:26:3E:F1,-92,127,0.652048401425473,8.331604268493553,1.3967154051992379,1764640635290,cached,
1764640635547,2025-12-02 10:57:15.547,68:9E:19:03:95:84,-87,127,0.7081423923897929,8.21241502954583,1.3919432798032678,1764640635547,calculated,
1764640635597,2025-12-02 10:57:15.597,68:9E:19:03:95:F1,-78,127,0.7081423923897929,8.21241502954583,1.3919432798032678,1764640635547,cached,
1764640635664,2025-12-02 10:57:15.664,AC:23:3F:26:3E:EF,-63,127,0.7081423923897929,8.21241502954583,1.3919432798032678,1764640635547,cached,
1764640635674,2025-12-02 10:57:15.674,68:9E:19:03:95:84,-82,127,0.7081423923897929,8.21241502954583,1.3919432798032678,1764640635547,cached,
1764640635682,2025-12-02 10:57:15.682,68:9E:19:03:95:F1,-77,127,0.7081423923897929,8.21241502954583,1.3919432798032678,1764640635547,cached,
1764640635761,2025-12-02 10:57:15.761,AC:23:3F:26:3E:F2,-54,127,0.7081423923897929,8.20211834483889,1.3919432798032678,1764640635761,calculated,
1764640635776,2025-12-02 10:57:15.776,68:9E:19:03:95:84,-84,127,0.7081423923897929,8.20211834483889,1.3919432798032678,1764640635761,cached,
1764640635819,2025-12-02 10:57:15.819,68:9E:19:03:95:F1,-78,127,0.7119321409129622,8.15000432201232,1.3897928544158207,1764640635819,calculated,
1764640635823,2025-12-02 10:57:15.823,AC:23:3F:26:3E:F1,-80,127,0.7119321409129622,8.15000432201232,1.3897928544158207,1764640635819,cached,
1764640635842,2025-12-02 10:57:15.842,AC:23:3F:26:3E:F2,-53,127,0.7119321409129622,8.15000432201232,1.3897928544158207,1764640635819,cached,
1764640635868,2025-12-02 10:57:15.868,68:9E:19:03:95:84,-84,127,0.7119321409129622,8.15000432201232,1.3897928544158207,1764640635819,cached,
1764640635881,2025-12-02 10:57:15.881,68:9E:19:03:95:F1,-70,127,0.7119321409129622,8.15000432201232,1.3897928544158207,1764640635819,cached,
1764640635989,2025-12-02 10:57:15.989,68:9E:19:03:95:84,-87,127,0.7119321409129622,8.15000432201232,1.3897928544158207,1764640635819,cached,
1764640636001,2025-12-02 10:57:16.001,68:9E:19:03:95:F1,-81,127,0.7119321409129622,8.15000432201232,1.3897928544158207,1764640635819,cached,
1764640636015,2025-12-02 10:57:16.015,AC:23:3F:26:3E:F2,-55,127,0.7186726568711188,8.142878048557916,1.3848094558657422,1764640636015,calculated,
1764640636075,2025-12-02 10:57:16.075,68:9E:19:03:95:84,-82,127,0.7186726568711188,8.130073942729776,1.3841736506977156,1764640636075,calculated,
1764640636110,2025-12-02 10:57:16.110,68:9E:19:03:95:F1,-75,127,0.7186726568711188,8.130073942729776,1.3841736506977156,1764640636075,cached,
1764640636182,2025-12-02 10:57:16.182,68:9E:19:03:95:84,-88,127,0.7186726568711188,8.130073942729776,1.3841736506977156,1764640636075,cached,
1764640636194,2025-12-02 10:57:16.194,68:9E:19:03:95:F1,-75,127,0.7186726568711188,8.130073942729776,1.3841736506977156,1764640636075,cached,
1764640636289,2025-12-02 10:57:16.289,68:9E:19:03:95:84,-80,127,0.7217029234087563,8.064819622337675,1.3778083326224457,1764640636289,calculated,
1764640636331,2025-12-02 10:57:16.331,68:9E:19:03:95:F1,-80,127,0.7217029234087563,8.064819622337675,1.3778083326224457,1764640636289,cached,
1764640636358,2025-12-02 10:57:16.358,AC:23:3F:26:3E:EF,-63,127,0.7186726568711188,8.053507809437988,1.383675623850555,1764640636358,calculated,
1764640636502,2025-12-02 10:57:16.502,68:9E:19:03:95:84,-80,127,0.7186726568711188,8.053507809437988,1.383675623850555,1764640636358,cached,
1764640636517,2025-12-02 10:57:16.517,AC:23:3F:26:3E:EF,-71,127,0.7186726568711188,8.053507809437988,1.383675623850555,1764640636358,cached,
1764640636528,2025-12-02 10:57:16.528,AC:23:3F:26:3E:F1,-84,127,0.7186726568711188,8.053507809437988,1.383675623850555,1764640636358,cached,
1764640636532,2025-12-02 10:57:16.532,68:9E:19:03:95:F1,-78,127,0.7186726568711188,8.053507809437988,1.383675623850555,1764640636358,cached,
1764640636594,2025-12-02 10:57:16.594,68:9E:19:03:95:84,-85,127,0.7186726568711188,7.964514932697399,1.3778083326224457,1764640636594,calculated,
1764640636650,2025-12-02 10:57:16.650,68:9E:19:03:95:F1,-81,127,0.7073808999901543,7.846751134817561,1.3840990190150306,1764640636650,calculated,
1764640636654,2025-12-02 10:57:16.654,AC:23:3F:26:3E:EF,-60,127,0.7073808999901543,7.846751134817561,1.3840990190150306,1764640636650,cached,
1764640636696,2025-12-02 10:57:16.696,AC:23:3F:26:3E:F2,-52,127,0.7073808999901543,7.846751134817561,1.3840990190150306,1764640636650,cached,
1764640636710,2025-12-02 10:57:16.710,AC:23:3F:26:3E:EF,-58,127,0.7073808999901543,7.846751134817561,1.3840990190150306,1764640636650,cached,
1764640636715,2025-12-02 10:57:16.715,68:9E:19:03:95:84,-80,127,0.7073808999901543,7.846751134817561,1.3840990190150306,1764640636650,cached,
1764640636824,2025-12-02 10:57:16.824,AC:23:3F:26:3E:F1,-90,127,0.6630008363174817,7.831398881077835,1.3894210212349414,1764640636824,calculated,
1764640636914,2025-12-02 10:57:16.914,AC:23:3F:26:3E:F2,-65,127,0.6418039896217247,7.731831986538391,1.3943318905552795,1764640636914,calculated,
1764640636967,2025-12-02 10:57:16.967,68:9E:19:03:95:84,-83,127,0.6418039896217247,7.731831986538391,1.3943318905552795,1764640636914,cached,
1764640637011,2025-12-02 10:57:17.011,68:9E:19:03:95:F1,-77,127,0.6418039896217247,7.731831986538391,1.3943318905552795,1764640636914,cached,
1764640637027,2025-12-02 10:57:17.027,68:9E:19:03:95:84,-85,127,0.6418039896217247,7.731831986538391,1.3943318905552795,1764640636914,cached,
1764640637051,2025-12-02 10:57:17.051,68:9E:19:03:95:F1,-85,127,0.6418039896217247,7.731831986538391,1.3943318905552795,1764640636914,cached,
1764640637066,2025-12-02 10:57:17.066,AC:23:3F:26:3E:EF,-65,127,0.6067312734957193,7.731831986538391,1.3976331045106607,1764640637066,calculated,
1764640637120,2025-12-02 10:57:17.120,68:9E:19:03:95:84,-90,127,0.6067312734957193,7.731831986538391,1.3976331045106607,1764640637066,cached,
1764640637166,2025-12-02 10:57:17.166,68:9E:19:03:95:F1,-75,127,0.6067312734957193,7.695883376199491,1.3964879353670505,1764640637166,calculated,
1764640637173,2025-12-02 10:57:17.173,AC:23:3F:26:3E:F2,-54,127,0.6067312734957193,7.695883376199491,1.3964879353670505,1764640637166,cached,
1764640637272,2025-12-02 10:57:17.272,AC:23:3F:26:3E:F2,-50,127,0.6067312734957193,7.695883376199491,1.3964879353670505,1764640637166,cached,
1764640637276,2025-12-02 10:57:17.276,68:9E:19:03:95:F1,-83,127,0.6067312734957193,7.695883376199491,1.3964879353670505,1764640637166,cached,
1764640637343,2025-12-02 10:57:17.343,AC:23:3F:26:3E:EF,-67,127,0.5932747585791209,7.670011000600151,1.3976331045106607,1764640637343,calculated,
1764640637373,2025-12-02 10:57:17.373,68:9E:19:03:95:F1,-80,127,0.5932747585791209,7.670011000600151,1.3976331045106607,1764640637343,cached,
1764640637470,2025-12-02 10:57:17.470,68:9E:19:03:95:F1,-78,127,0.6067312734957193,7.670011000600151,1.3976331045106607,1764640637470,calculated,
1764640637533,2025-12-02 10:57:17.533,AC:23:3F:26:3E:F1,-75,127,0.6067312734957193,7.670011000600151,1.3976331045106607,1764640637470,cached,
1764640637564,2025-12-02 10:57:17.564,68:9E:19:03:95:84,-87,127,0.6067312734957193,7.670011000600151,1.3976331045106607,1764640637470,cached,
1764640637704,2025-12-02 10:57:17.704,68:9E:19:03:95:84,-83,127,0.5808439024656201,7.603073539739465,1.3976331045106607,1764640637704,calculated,
1764640637709,2025-12-02 10:57:17.709,68:9E:19:03:95:F1,-74,127,0.5808439024656201,7.603073539739465,1.3976331045106607,1764640637704,cached,
1764640637791,2025-12-02 10:57:17.791,68:9E:19:03:95:84,-85,127,0.5808439024656201,7.603073539739465,1.3976331045106607,1764640637704,cached,
1764640637794,2025-12-02 10:57:17.794,AC:23:3F:26:3E:EF,-68,127,0.5808439024656201,7.603073539739465,1.3976331045106607,1764640637704,cached,
1764640637803,2025-12-02 10:57:17.803,68:9E:19:03:95:F1,-87,127,0.5808439024656201,7.603073539739465,1.3976331045106607,1764640637704,cached,
1764640637867,2025-12-02 10:57:17.867,AC:23:3F:26:3E:F2,-51,127,0.6274759593172072,7.575424420825378,1.3964879353670505,1764640637867,calculated,
1764640637919,2025-12-02 10:57:17.919,68:9E:19:03:95:F1,-74,127,0.6274759593172072,7.557252107961263,1.3964879353670505,1764640637919,calculated,
1764640637966,2025-12-02 10:57:17.966,AC:23:3F:26:3E:F1,-80,127,0.6274759593172072,7.557252107961263,1.3964879353670505,1764640637919,cached,
1764640637983,2025-12-02 10:57:17.983,AC:23:3F:26:3E:F2,-52,127,0.6274759593172072,7.557252107961263,1.3964879353670505,1764640637919,cached,
1764640637986,2025-12-02 10:57:17.986,68:9E:19:03:95:84,-95,127,0.6274759593172072,7.557252107961263,1.3964879353670505,1764640637919,cached,
1764640638095,2025-12-02 10:57:18.095,AC:23:3F:26:3E:EF,-68,127,0.6274759593172072,7.557252107961263,1.3964879353670505,1764640637919,cached,
1764640638141,2025-12-02 10:57:18.141,68:9E:19:03:95:F1,-80,127,0.6778067796197675,7.364940973625497,1.3792030509161928,1764640638141,calculated,
1764640638197,2025-12-02 10:57:18.197,68:9E:19:03:95:84,-94,127,0.6783207993190052,7.364940973625497,1.3792030509161928,1764640638197,calculated,
1764640638209,2025-12-02 10:57:18.209,AC:23:3F:26:3E:F1,-82,127,0.6783207993190052,7.364940973625497,1.3792030509161928,1764640638197,cached,
1764640638214,2025-12-02 10:57:18.214,68:9E:19:03:95:F1,-75,127,0.6783207993190052,7.364940973625497,1.3792030509161928,1764640638197,cached,
1764640638253,2025-12-02 10:57:18.253,AC:23:3F:26:3E:F1,-82,127,0.6783207993190052,7.364940973625497,1.3792030509161928,1764640638197,cached,
1764640638279,2025-12-02 10:57:18.279,68:9E:19:03:95:84,-86,127,0.6783207993190052,7.364940973625497,1.3792030509161928,1764640638197,cached,
1764640638315,2025-12-02 10:57:18.315,68:9E:19:03:95:F1,-88,127,0.6783207993190052,7.364940973625497,1.3792030509161928,1764640638197,cached,
1764640638426,2025-12-02 10:57:18.426,68:9E:19:03:95:F1,-81,127,0.6877312854203721,7.325165383410461,1.3792030509161928,1764640638426,calculated,
1764640638557,2025-12-02 10:57:18.557,AC:23:3F:26:3E:EF,-63,127,0.7014386918097768,7.325165383410461,1.3792030509161928,1764640638557,calculated,
1764640638561,2025-12-02 10:57:18.561,68:9E:19:03:95:F1,-83,127,0.7014386918097768,7.325165383410461,1.3792030509161928,1764640638557,cached,
1764640638579,2025-12-02 10:57:18.579,AC:23:3F:26:3E:F2,-56,127,0.7014386918097768,7.325165383410461,1.3792030509161928,1764640638557,cached,
1764640638631,2025-12-02 10:57:18.631,68:9E:19:03:95:F1,-78,127,0.7014386918097768,7.325165383410461,1.3792030509161928,1764640638557,cached,
1764640638664,2025-12-02 10:57:18.664,AC:23:3F:26:3E:F1,-81,127,0.7695727907014289,7.136955816992478,1.3508364678759661,1764640638664,calculated,
1764640638700,2025-12-02 10:57:18.700,68:9E:19:03:95:84,-90,127,0.7695727907014289,7.136955816992478,1.3508364678759661,1764640638664,cached,
1764640638796,2025-12-02 10:57:18.796,68:9E:19:03:95:F1,-93,127,0.7695727907014289,7.136955816992478,1.3508364678759661,1764640638796,calculated,
1764640638805,2025-12-02 10:57:18.805,AC:23:3F:26:3E:EF,-65,127,0.7695727907014289,7.136955816992478,1.3508364678759661,1764640638796,cached,
1764640638808,2025-12-02 10:57:18.808,AC:23:3F:26:3E:F2,-51,127,0.7695727907014289,7.136955816992478,1.3508364678759661,1764640638796,cached,
1764640638814,2025-12-02 10:57:18.814,AC:23:3F:26:3E:EF,-64,127,0.7695727907014289,7.136955816992478,1.3508364678759661,1764640638796,cached,
1764640638869,2025-12-02 10:57:18.869,68:9E:19:03:95:F1,-82,127,0.7695727907014289,7.136955816992478,1.3508364678759661,1764640638796,cached,
1764640638937,2025-12-02 10:57:18.937,AC:23:3F:26:3E:F1,-79,127,0.7695727907014289,7.136955816992478,1.3508364678759661,1764640638937,calculated,
1764640638947,2025-12-02 10:57:18.947,68:9E:19:03:95:F1,-78,127,0.7695727907014289,7.136955816992478,1.3508364678759661,1764640638937,cached,
1764640638964,2025-12-02 10:57:18.964,AC:23:3F:26:3E:F1,-83,127,0.7695727907014289,7.136955816992478,1.3508364678759661,1764640638937,cached,
1764640639023,2025-12-02 10:57:19.023,68:9E:19:03:95:84,-91,127,0.7695727907014289,7.136955816992478,1.3508364678759661,1764640639023,calculated,
1764640639050,2025-12-02 10:57:19.050,68:9E:19:03:95:F1,-80,127,0.7695727907014289,7.136955816992478,1.3508364678759661,1764640639023,cached,
1764640639129,2025-12-02 10:57:19.129,68:9E:19:03:95:84,-88,127,0.7695727907014289,7.136955816992478,1.3508364678759661,1764640639023,cached,
1764640639210,2025-12-02 10:57:19.210,AC:23:3F:26:3E:EF,-69,127,0.7695727907014289,7.136955816992478,1.3508364678759661,1764640639210,calculated,
1764640639275,2025-12-02 10:57:19.275,AC:23:3F:26:3E:F2,-59,127,0.6926021638946434,6.978596569912236,1.3667346742488125,1764640639275,calculated,
1764640639356,2025-12-02 10:57:19.356,68:9E:19:03:95:F1,-79,127,0.6926021638946434,6.978596569912236,1.3667346742488125,1764640639275,cached,
1764640639362,2025-12-02 10:57:19.362,AC:23:3F:26:3E:F1,-84,127,0.6926021638946434,6.978596569912236,1.3667346742488125,1764640639275,cached,
1764640639396,2025-12-02 10:57:19.396,AC:23:3F:26:3E:F2,-55,127,0.6926021638946434,6.978596569912236,1.3667346742488125,1764640639275,cached,
1764640639466,2025-12-02 10:57:19.466,68:9E:19:03:95:F1,-82,127,0.5983641005946077,6.916011809691009,1.407672919299488,1764640639466,calculated,
1764640639479,2025-12-02 10:57:19.479,AC:23:3F:26:3E:EF,-72,127,0.5983641005946077,6.916011809691009,1.407672919299488,1764640639466,cached,
1764640639490,2025-12-02 10:57:19.490,AC:23:3F:26:3E:F2,-56,127,0.5983641005946077,6.916011809691009,1.407672919299488,1764640639466,cached,
1764640639522,2025-12-02 10:57:19.522,AC:23:3F:26:3E:EF,-72,127,0.5983641005946077,6.83307170558019,1.407672919299488,1764640639522,calculated,
1764640639524,2025-12-02 10:57:19.524,68:9E:19:03:95:84,-86,127,0.5983641005946077,6.83307170558019,1.407672919299488,1764640639522,cached,
1764640639566,2025-12-02 10:57:19.566,68:9E:19:03:95:F1,-80,127,0.5983641005946077,6.83307170558019,1.407672919299488,1764640639522,cached,
1764640639641,2025-12-02 10:57:19.641,68:9E:19:03:95:84,-84,127,0.5983641005946077,6.83307170558019,1.407672919299488,1764640639522,cached,
1764640639683,2025-12-02 10:57:19.683,68:9E:19:03:95:F1,-83,127,0.5983641005946077,6.83307170558019,1.407672919299488,1764640639522,cached,
1764640639689,2025-12-02 10:57:19.689,AC:23:3F:26:3E:F1,-83,127,0.5983641005946077,6.83307170558019,1.407672919299488,1764640639522,cached,
1764640639782,2025-12-02 10:57:19.782,68:9E:19:03:95:F1,-77,127,0.5983641005946077,6.820982334221641,1.4078461841912788,1764640639782,calculated,
1764640639842,2025-12-02 10:57:19.842,68:9E:19:03:95:84,-85,127,0.5983641005946077,6.776493276104046,1.4037519431498373,1764640639842,calculated,
1764640639890,2025-12-02 10:57:19.890,68:9E:19:03:95:F1,-89,127,0.5983641005946077,6.776493276104046,1.4037519431498373,1764640639842,cached,
1764640639903,2025-12-02 10:57:19.903,AC:23:3F:26:3E:EF,-73,127,0.5983641005946077,6.776493276104046,1.4037519431498373,1764640639842,cached,
1764640639985,2025-12-02 10:57:19.985,AC:23:3F:26:3E:F2,-54,127,0.5983641005946077,6.776493276104046,1.4037519431498373,1764640639842,cached,
1764640640079,2025-12-02 10:57:20.079,AC:23:3F:26:3E:F1,-74,127,0.6160895631948502,6.653542252020644,1.4037519431498373,1764640640079,calculated,
1764640640092,2025-12-02 10:57:20.092,AC:23:3F:26:3E:F2,-55,127,0.6160895631948502,6.653542252020644,1.4037519431498373,1764640640079,cached,
1764640640184,2025-12-02 10:57:20.184,AC:23:3F:26:3E:F2,-57,127,0.6160895631948502,6.653542252020644,1.4037519431498373,1764640640079,cached,
1764640640195,2025-12-02 10:57:20.195,AC:23:3F:26:3E:EF,-70,127,0.6160895631948502,6.653542252020644,1.4037519431498373,1764640640079,cached,
1764640640225,2025-12-02 10:57:20.225,AC:23:3F:26:3E:EF,-71,127,0.6160895631948502,6.653542252020644,1.4037519431498373,1764640640079,cached,
1764640640346,2025-12-02 10:57:20.346,AC:23:3F:26:3E:F1,-74,127,0.6554063715326763,6.548734548773628,1.4037519431498373,1764640640346,calculated,
1764640640421,2025-12-02 10:57:20.421,AC:23:3F:26:3E:F1,-73,127,0.6554063715326763,6.548734548773628,1.4037519431498373,1764640640346,cached,
1764640640479,2025-12-02 10:57:20.479,68:9E:19:03:95:84,-84,127,0.6554063715326763,6.548734548773628,1.4037519431498373,1764640640346,cached,
1764640640535,2025-12-02 10:57:20.535,AC:23:3F:26:3E:EF,-85,127,0.6571731651099066,6.48250103673546,1.4037519431498373,1764640640535,calculated,
1764640640540,2025-12-02 10:57:20.540,68:9E:19:03:95:F1,-87,127,0.6571731651099066,6.48250103673546,1.4037519431498373,1764640640535,cached,
1764640640632,2025-12-02 10:57:20.632,AC:23:3F:26:3E:EF,-66,127,0.6793530851375609,6.423043960759297,1.3841147432740348,1764640640632,calculated,
1764640640657,2025-12-02 10:57:20.657,68:9E:19:03:95:F1,-86,127,0.6793530851375609,6.423043960759297,1.3841147432740348,1764640640632,cached,
1764640640690,2025-12-02 10:57:20.690,AC:23:3F:26:3E:F2,-60,127,0.6793530851375609,6.423043960759297,1.3841147432740348,1764640640632,cached,
1764640640738,2025-12-02 10:57:20.738,68:9E:19:03:95:F1,-80,127,0.6793530851375609,6.423043960759297,1.3841147432740348,1764640640632,cached,
1764640640794,2025-12-02 10:57:20.794,68:9E:19:03:95:84,-82,127,0.6998030083081024,6.376054641278575,1.3769373933657982,1764640640794,calculated,
1764640640810,2025-12-02 10:57:20.810,AC:23:3F:26:3E:F1,-81,127,0.6998030083081024,6.376054641278575,1.3769373933657982,1764640640794,cached,
1764640640826,2025-12-02 10:57:20.826,AC:23:3F:26:3E:F2,-57,127,0.6998030083081024,6.376054641278575,1.3769373933657982,1764640640794,cached,
1764640640884,2025-12-02 10:57:20.884,AC:23:3F:26:3E:F2,-58,127,0.70055620123379,6.3495665599933035,1.3769373933657982,1764640640884,calculated,
1764640640912,2025-12-02 10:57:20.912,AC:23:3F:26:3E:F2,-76,127,0.70055620123379,6.3495665599933035,1.3769373933657982,1764640640884,cached,
1764640640921,2025-12-02 10:57:20.921,AC:23:3F:26:3E:EF,-67,127,0.70055620123379,6.3495665599933035,1.3769373933657982,1764640640884,cached,
1764640640927,2025-12-02 10:57:20.927,AC:23:3F:26:3E:EF,-68,127,0.70055620123379,6.3495665599933035,1.3769373933657982,1764640640884,cached,
1764640641004,2025-12-02 10:57:21.004,68:9E:19:03:95:84,-86,127,0.70055620123379,6.3495665599933035,1.3769373933657982,1764640640884,cached,
1764640641048,2025-12-02 10:57:21.048,AC:23:3F:26:3E:F1,-86,127,0.70055620123379,6.3495665599933035,1.3769373933657982,1764640640884,cached,
1764640641053,2025-12-02 10:57:21.053,68:9E:19:03:95:F1,-83,127,0.70055620123379,6.3495665599933035,1.3769373933657982,1764640640884,cached,
1764640641107,2025-12-02 10:57:21.107,AC:23:3F:26:3E:F1,-82,127,0.7036322844813307,6.31882938337749,1.367760785426773,1764640641107,calculated,
1764640641143,2025-12-02 10:57:21.143,68:9E:19:03:95:F1,-78,127,0.7036322844813307,6.31882938337749,1.367760785426773,1764640641107,cached,
1764640641320,2025-12-02 10:57:21.320,68:9E:19:03:95:84,-82,127,0.7036322844813307,6.31882938337749,1.367760785426773,1764640641107,cached,
1764640641323,2025-12-02 10:57:21.323,AC:23:3F:26:3E:EF,-68,127,0.7070368072677224,6.310575324690852,1.367760785426773,1764640641323,calculated,
1764640641345,2025-12-02 10:57:21.345,68:9E:19:03:95:F1,-82,127,0.7070368072677224,6.310575324690852,1.367760785426773,1764640641323,cached,
1764640641395,2025-12-02 10:57:21.395,AC:23:3F:26:3E:F2,-65,127,0.6998030083081024,6.222707053475969,1.3720970466232414,1764640641395,calculated,
1764640641506,2025-12-02 10:57:21.506,AC:23:3F:26:3E:F1,-75,127,0.6998030083081024,6.222707053475969,1.3720970466232414,1764640641395,cached,
1764640641521,2025-12-02 10:57:21.521,AC:23:3F:26:3E:F2,-58,127,0.6998030083081024,6.222707053475969,1.3720970466232414,1764640641395,cached,
1764640641571,2025-12-02 10:57:21.571,68:9E:19:03:95:F1,-83,127,0.6998030083081024,6.222707053475969,1.3720970466232414,1764640641395,cached,
1764640641601,2025-12-02 10:57:21.601,AC:23:3F:26:3E:F2,-61,127,0.6886367928739847,6.176087797401644,1.3802993648338642,1764640641601,calculated,
1764640641630,2025-12-02 10:57:21.630,AC:23:3F:26:3E:EF,-76,127,0.6886367928739847,6.176087797401644,1.3802993648338642,1764640641601,cached,
1764640641654,2025-12-02 10:57:21.654,AC:23:3F:26:3E:EF,-82,127,0.6886367928739847,6.176087797401644,1.3802993648338642,1764640641601,cached,
1764640641685,2025-12-02 10:57:21.685,68:9E:19:03:95:F1,-77,127,0.633759675017153,6.0527514345651845,1.3963984351949394,1764640641685,calculated,
1764640641810,2025-12-02 10:57:21.810,AC:23:3F:26:3E:F1,-78,127,0.633759675017153,6.0527514345651845,1.3963984351949394,1764640641685,cached,
1764640641875,2025-12-02 10:57:21.875,68:9E:19:03:95:F1,-86,127,0.633759675017153,6.0527514345651845,1.3963984351949394,1764640641875,calculated,
1764640641962,2025-12-02 10:57:21.962,68:9E:19:03:95:84,-83,127,0.6213131850771412,5.984033907927863,1.389052096865988,1764640641962,calculated,
1764640641986,2025-12-02 10:57:21.986,68:9E:19:03:95:F1,-76,127,0.6213131850771412,5.984033907927863,1.389052096865988,1764640641962,cached,
1764640642067,2025-12-02 10:57:22.067,68:9E:19:03:95:84,-81,127,0.6213131850771412,5.984033907927863,1.389052096865988,1764640641962,cached,
1764640642107,2025-12-02 10:57:22.107,AC:23:3F:26:3E:F2,-62,127,0.6206119604413718,5.945547671617486,1.3963984351949394,1764640642107,calculated,
1764640642214,2025-12-02 10:57:22.214,68:9E:19:03:95:F1,-81,127,0.6099144579985218,5.936748036882715,1.3963984351949394,1764640642214,calculated,
1764640642251,2025-12-02 10:57:22.251,AC:23:3F:26:3E:F2,-62,127,0.6099144579985218,5.936748036882715,1.3963984351949394,1764640642214,cached,
1764640642262,2025-12-02 10:57:22.262,AC:23:3F:26:3E:F1,-77,127,0.6099144579985218,5.936748036882715,1.3963984351949394,1764640642214,cached,
1764640642270,2025-12-02 10:57:22.270,68:9E:19:03:95:84,-80,127,0.6099144579985218,5.936748036882715,1.3963984351949394,1764640642214,cached,
1764640642325,2025-12-02 10:57:22.325,AC:23:3F:26:3E:F2,-64,127,0.6099144579985218,5.936748036882715,1.3963984351949394,1764640642214,cached,
1764640642331,2025-12-02 10:57:22.331,68:9E:19:03:95:F1,-83,127,0.6099144579985218,5.936748036882715,1.3963984351949394,1764640642214,cached,
1764640642334,2025-12-02 10:57:22.334,AC:23:3F:26:3E:EF,-70,127,0.6099144579985218,5.936748036882715,1.3963984351949394,1764640642214,cached,
1764640642409,2025-12-02 10:57:22.409,68:9E:19:03:95:F1,-80,127,0.6099144579985218,5.919130200892592,1.3963984351949394,1764640642409,calculated,
1764640642456,2025-12-02 10:57:22.456,AC:23:3F:26:3E:F1,-75,127,0.6099144579985218,5.919130200892592,1.3963984351949394,1764640642409,cached,
1764640642577,2025-12-02 10:57:22.577,68:9E:19:03:95:84,-82,127,0.6062874400320388,5.865514875558411,1.3963984351949394,1764640642577,calculated,
1764640642741,2025-12-02 10:57:22.741,68:9E:19:03:95:F1,-78,127,0.6099144579985218,5.775536327535248,1.389052096865988,1764640642741,calculated,
1764640642821,2025-12-02 10:57:22.821,AC:23:3F:26:3E:EF,-71,127,0.6099144579985218,5.775536327535248,1.389052096865988,1764640642741,cached,
1764640642828,2025-12-02 10:57:22.828,68:9E:19:03:95:84,-81,127,0.6099144579985218,5.775536327535248,1.389052096865988,1764640642741,cached,
1764640642842,2025-12-02 10:57:22.842,AC:23:3F:26:3E:F2,-63,127,0.6099144579985218,5.775536327535248,1.389052096865988,1764640642741,cached,
1764640642853,2025-12-02 10:57:22.853,68:9E:19:03:95:F1,-81,127,0.6099144579985218,5.775536327535248,1.389052096865988,1764640642741,cached,
1764640642908,2025-12-02 10:57:22.908,68:9E:19:03:95:84,-84,127,0.6099144579985218,5.775536327535248,1.389052096865988,1764640642741,cached,
1764640642940,2025-12-02 10:57:22.940,AC:23:3F:26:3E:F2,-82,127,0.6099144579985218,5.734638153124027,1.3976925295818203,1764640642940,calculated,
1764640642985,2025-12-02 10:57:22.985,AC:23:3F:26:3E:F2,-70,127,0.6099144579985218,5.734638153124027,1.3976925295818203,1764640642940,cached,
1764640643047,2025-12-02 10:57:23.047,68:9E:19:03:95:F1,-80,127,0.6518360974515678,5.638298624271415,1.3927310604815426,1764640643047,calculated,
1764640643063,2025-12-02 10:57:23.063,AC:23:3F:26:3E:EF,-69,127,0.6518360974515678,5.638298624271415,1.3927310604815426,1764640643047,cached,
1764640643073,2025-12-02 10:57:23.073,68:9E:19:03:95:84,-84,127,0.6518360974515678,5.638298624271415,1.3927310604815426,1764640643047,cached,
1764640643142,2025-12-02 10:57:23.142,68:9E:19:03:95:F1,-80,127,0.6518360974515678,5.638298624271415,1.3927310604815426,1764640643047,cached,
1764640643184,2025-12-02 10:57:23.184,68:9E:19:03:95:84,-80,127,0.6518360974515678,5.638298624271415,1.3927310604815426,1764640643047,cached,
1764640643354,2025-12-02 10:57:23.354,68:9E:19:03:95:F1,-78,127,0.6801157219372811,5.51005072393422,1.377346873068412,1764640643354,calculated,
1764640643396,2025-12-02 10:57:23.396,68:9E:19:03:95:84,-83,127,0.6801157219372811,5.51005072393422,1.377346873068412,1764640643354,cached,
1764640643439,2025-12-02 10:57:23.439,AC:23:3F:26:3E:EF,-91,127,0.6801157219372811,5.51005072393422,1.377346873068412,1764640643354,cached,
1764640643518,2025-12-02 10:57:23.518,68:9E:19:03:95:84,-81,127,0.688022057283139,5.50291638630611,1.377346873068412,1764640643518,calculated,
1764640643521,2025-12-02 10:57:23.521,AC:23:3F:26:3E:F1,-92,127,0.688022057283139,5.50291638630611,1.377346873068412,1764640643518,cached,
1764640643641,2025-12-02 10:57:23.641,AC:23:3F:26:3E:F2,-70,127,0.6816353441846856,5.48209815861579,1.3764629288208796,1764640643641,calculated,
1764640643673,2025-12-02 10:57:23.673,AC:23:3F:26:3E:F1,-75,127,0.6816353441846856,5.48209815861579,1.3764629288208796,1764640643641,cached,
1764640643675,2025-12-02 10:57:23.675,68:9E:19:03:95:F1,-78,127,0.6816353441846856,5.48209815861579,1.3764629288208796,1764640643641,cached,
1764640643685,2025-12-02 10:57:23.685,AC:23:3F:26:3E:F2,-71,127,0.6816353441846856,5.48209815861579,1.3764629288208796,1764640643641,cached,
1764640643744,2025-12-02 10:57:23.744,AC:23:3F:26:3E:EF,-76,127,0.6816353441846856,5.48209815861579,1.3764629288208796,1764640643744,calculated,
1764640643756,2025-12-02 10:57:23.756,AC:23:3F:26:3E:EF,-73,127,0.6816353441846856,5.48209815861579,1.3764629288208796,1764640643744,cached,
1764640643870,2025-12-02 10:57:23.870,AC:23:3F:26:3E:F1,-78,127,0.6801157219372811,5.447793369029657,1.3802814508123755,1764640643870,calculated,
1764640643872,2025-12-02 10:57:23.872,68:9E:19:03:95:F1,-75,127,0.6801157219372811,5.447793369029657,1.3802814508123755,1764640643870,cached,
1764640643973,2025-12-02 10:57:23.973,AC:23:3F:26:3E:F1,-72,127,0.6801157219372811,5.447793369029657,1.3802814508123755,1764640643870,cached,
1764640643980,2025-12-02 10:57:23.980,68:9E:19:03:95:F1,-75,127,0.6801157219372811,5.447793369029657,1.3802814508123755,1764640643870,cached,
1764640644115,2025-12-02 10:57:24.115,68:9E:19:03:95:F1,-76,127,0.6640401335934343,5.331117860241249,1.3874690972846757,1764640644115,calculated,
1764640644125,2025-12-02 10:57:24.125,68:9E:19:03:95:84,-84,127,0.6640401335934343,5.331117860241249,1.3874690972846757,1764640644115,cached,
1764640644150,2025-12-02 10:57:24.150,AC:23:3F:26:3E:EF,-65,127,0.6640401335934343,5.331117860241249,1.3874690972846757,1764640644115,cached,
1764640644293,2025-12-02 10:57:24.293,68:9E:19:03:95:F1,-78,127,0.6551822718141276,5.282746392323384,1.3883218968676565,1764640644293,calculated,
1764640644362,2025-12-02 10:57:24.362,68:9E:19:03:95:84,-87,127,0.6238845945201686,5.15311090931427,1.389740275266993,1764640644362,calculated,
1764640644408,2025-12-02 10:57:24.408,AC:23:3F:26:3E:F2,-76,127,0.6238845945201686,5.15311090931427,1.389740275266993,1764640644362,cached,
1764640644416,2025-12-02 10:57:24.416,AC:23:3F:26:3E:F1,-72,127,0.6238845945201686,5.15311090931427,1.389740275266993,1764640644362,cached,
1764640644421,2025-12-02 10:57:24.421,AC:23:3F:26:3E:F2,-84,127,0.6238845945201686,5.15311090931427,1.389740275266993,1764640644362,cached,
1764640644423,2025-12-02 10:57:24.423,68:9E:19:03:95:F1,-82,127,0.6238845945201686,5.15311090931427,1.389740275266993,1764640644362,cached,
1764640644440,2025-12-02 10:57:24.440,AC:23:3F:26:3E:EF,-74,127,0.6238845945201686,5.15311090931427,1.389740275266993,1764640644362,cached,
1764640644480,2025-12-02 10:57:24.480,AC:23:3F:26:3E:EF,-74,127,0.6238845945201686,5.15311090931427,1.389740275266993,1764640644362,cached,
1764640644675,2025-12-02 10:57:24.675,AC:23:3F:26:3E:F1,-77,127,0.6039358694305905,5.094244490508677,1.4030206877184783,1764640644675,calculated,
1764640644710,2025-12-02 10:57:24.710,68:9E:19:03:95:F1,-77,127,0.6039358694305905,5.094244490508677,1.4030206877184783,1764640644675,cached,
1764640644809,2025-12-02 10:57:24.809,68:9E:19:03:95:F1,-81,127,0.5910762534748308,5.0774779809817225,1.4112989796632416,1764640644809,calculated,
1764640644869,2025-12-02 10:57:24.869,68:9E:19:03:95:84,-92,127,0.5910762534748308,5.0774779809817225,1.4112989796632416,1764640644809,cached,
1764640644938,2025-12-02 10:57:24.938,AC:23:3F:26:3E:F2,-76,127,0.593441200518418,5.0324965577542375,1.4073079401650352,1764640644938,calculated,
1764640644940,2025-12-02 10:57:24.940,68:9E:19:03:95:F1,-83,127,0.593441200518418,5.0324965577542375,1.4073079401650352,1764640644938,cached,
1764640644943,2025-12-02 10:57:24.943,AC:23:3F:26:3E:F2,-64,127,0.593441200518418,5.0324965577542375,1.4073079401650352,1764640644938,cached,
1764640645018,2025-12-02 10:57:25.018,68:9E:19:03:95:F1,-73,127,0.593441200518418,5.0324965577542375,1.4073079401650352,1764640644938,cached,
1764640645052,2025-12-02 10:57:25.052,AC:23:3F:26:3E:F2,-67,127,0.593441200518418,5.0324965577542375,1.4073079401650352,1764640644938,cached,
1764640645122,2025-12-02 10:57:25.122,68:9E:19:03:95:F1,-75,127,0.5841010003419673,4.9959023943881355,1.4030206877184783,1764640645122,calculated,
1764640645158,2025-12-02 10:57:25.158,68:9E:19:03:95:84,-87,127,0.5841010003419673,4.9959023943881355,1.4030206877184783,1764640645122,cached,
1764640645167,2025-12-02 10:57:25.167,AC:23:3F:26:3E:EF,-69,127,0.5841010003419673,4.9959023943881355,1.4030206877184783,1764640645122,cached,
1764640645220,2025-12-02 10:57:25.220,68:9E:19:03:95:F1,-92,127,0.5841010003419673,4.9959023943881355,1.4030206877184783,1764640645122,cached,
1764640645265,2025-12-02 10:57:25.265,68:9E:19:03:95:84,-81,127,0.6039358694305905,4.958404153424544,1.4073079401650352,1764640645265,calculated,
1764640645270,2025-12-02 10:57:25.270,AC:23:3F:26:3E:F1,-85,127,0.6039358694305905,4.958404153424544,1.4073079401650352,1764640645265,cached,
1764640645361,2025-12-02 10:57:25.361,68:9E:19:03:95:84,-81,127,0.6054622517531314,4.9252775893253915,1.4073079401650352,1764640645361,calculated,
1764640645523,2025-12-02 10:57:25.523,68:9E:19:03:95:F1,-80,127,0.6253381289011286,4.895629236786136,1.4056487877221482,1764640645523,calculated,
1764640645576,2025-12-02 10:57:25.576,68:9E:19:03:95:84,-84,127,0.6253381289011286,4.895629236786136,1.4056487877221482,1764640645523,cached,
1764640645633,2025-12-02 10:57:25.633,68:9E:19:03:95:84,-90,127,0.6854735625070819,4.782029097970385,1.4056487877221482,1764640645633,calculated,
1764640645635,2025-12-02 10:57:25.635,AC:23:3F:26:3E:EF,-76,127,0.6854735625070819,4.782029097970385,1.4056487877221482,1764640645633,cached,
1764640645641,2025-12-02 10:57:25.641,AC:23:3F:26:3E:F2,-60,127,0.6854735625070819,4.782029097970385,1.4056487877221482,1764640645633,cached,
1764640645676,2025-12-02 10:57:25.676,68:9E:19:03:95:F1,-81,127,0.6854735625070819,4.782029097970385,1.4056487877221482,1764640645633,cached,
1764640645680,2025-12-02 10:57:25.680,68:9E:19:03:95:84,-83,127,0.6854735625070819,4.782029097970385,1.4056487877221482,1764640645633,cached,
1764640645766,2025-12-02 10:57:25.766,AC:23:3F:26:3E:F2,-60,127,0.6854735625070819,4.782029097970385,1.4056487877221482,1764640645633,cached,
1764640645784,2025-12-02 10:57:25.784,68:9E:19:03:95:84,-92,127,0.6854735625070819,4.782029097970385,1.4056487877221482,1764640645633,cached,
1764640645796,2025-12-02 10:57:25.796,AC:23:3F:26:3E:F2,-60,127,0.6998462505465166,4.7602410854885555,1.4056487877221482,1764640645796,calculated,
1764640645807,2025-12-02 10:57:25.807,AC:23:3F:26:3E:F1,-76,127,0.6998462505465166,4.7602410854885555,1.4056487877221482,1764640645796,cached,
1764640645869,2025-12-02 10:57:25.869,AC:23:3F:26:3E:EF,-75,127,0.6998462505465166,4.7602410854885555,1.4056487877221482,1764640645796,cached,
1764640645872,2025-12-02 10:57:25.872,68:9E:19:03:95:F1,-78,127,0.6998462505465166,4.7602410854885555,1.4056487877221482,1764640645796,cached,
1764640645876,2025-12-02 10:57:25.876,68:9E:19:03:95:84,-82,127,0.6998462505465166,4.7602410854885555,1.4056487877221482,1764640645796,cached,
1764640645907,2025-12-02 10:57:25.907,AC:23:3F:26:3E:EF,-75,127,0.718673303992585,4.703444265361204,1.4071490904491233,1764640645907,calculated,
1764640645977,2025-12-02 10:57:25.977,68:9E:19:03:95:84,-84,127,0.718673303992585,4.703444265361204,1.4071490904491233,1764640645907,cached,
1764640646168,2025-12-02 10:57:26.168,68:9E:19:03:95:84,-86,127,0.7205841109735256,4.658129219726481,1.404845624506157,1764640646168,calculated,
1764640646185,2025-12-02 10:57:26.185,AC:23:3F:26:3E:F1,-72,127,0.7205841109735256,4.658129219726481,1.404845624506157,1764640646168,cached,
1764640646194,2025-12-02 10:57:26.194,68:9E:19:03:95:F1,-75,127,0.7205841109735256,4.658129219726481,1.404845624506157,1764640646168,cached,
1764640646202,2025-12-02 10:57:26.202,68:9E:19:03:95:84,-79,127,0.7205841109735256,4.658129219726481,1.404845624506157,1764640646168,cached,
1764640646284,2025-12-02 10:57:26.284,AC:23:3F:26:3E:EF,-64,127,0.7290240462515041,4.641127961955495,1.404845624506157,1764640646284,calculated,
1764640646328,2025-12-02 10:57:26.328,AC:23:3F:26:3E:F2,-82,127,0.7212354837140957,4.594270775958067,1.404845624506157,1764640646328,calculated,
1764640646374,2025-12-02 10:57:26.374,68:9E:19:03:95:F1,-79,127,0.7212354837140957,4.594270775958067,1.404845624506157,1764640646328,cached,
1764640646420,2025-12-02 10:57:26.420,68:9E:19:03:95:84,-83,127,0.7212354837140957,4.594270775958067,1.404845624506157,1764640646328,cached,
1764640646470,2025-12-02 10:57:26.470,AC:23:3F:26:3E:F2,-70,127,0.7212354837140957,4.594270775958067,1.404845624506157,1764640646328,cached,
1764640646487,2025-12-02 10:57:26.487,AC:23:3F:26:3E:F2,-80,127,0.7212354837140957,4.594270775958067,1.404845624506157,1764640646328,cached,
1764640646522,2025-12-02 10:57:26.522,AC:23:3F:26:3E:F1,-75,127,0.7336889581223716,4.579683406976131,1.4032014641252264,1764640646522,calculated,
1764640646554,2025-12-02 10:57:26.554,AC:23:3F:26:3E:EF,-69,127,0.7336889581223716,4.579683406976131,1.4032014641252264,1764640646522,cached,
1764640646594,2025-12-02 10:57:26.594,68:9E:19:03:95:F1,-72,127,0.6998462505465166,4.494261908142028,1.4054271407467214,1764640646594,calculated,
1764640646618,2025-12-02 10:57:26.618,68:9E:19:03:95:84,-79,127,0.6998462505465166,4.494261908142028,1.4054271407467214,1764640646594,cached,
1764640646666,2025-12-02 10:57:26.666,AC:23:3F:26:3E:EF,-71,127,0.6998462505465166,4.494261908142028,1.4054271407467214,1764640646594,cached,
1764640646678,2025-12-02 10:57:26.678,AC:23:3F:26:3E:F1,-73,127,0.6998462505465166,4.494261908142028,1.4054271407467214,1764640646594,cached,
1764640646702,2025-12-02 10:57:26.702,68:9E:19:03:95:F1,-72,127,0.6998462505465166,4.494261908142028,1.4054271407467214,1764640646594,cached,
1764640646717,2025-12-02 10:57:26.717,68:9E:19:03:95:84,-87,127,0.6998462505465166,4.494261908142028,1.4054271407467214,1764640646594,cached,
1764640646803,2025-12-02 10:57:26.803,AC:23:3F:26:3E:F1,-75,127,0.6990364260284423,4.467022095065731,1.4054271407467214,1764640646803,calculated,
1764640646819,2025-12-02 10:57:26.819,68:9E:19:03:95:F1,-78,127,0.6990364260284423,4.467022095065731,1.4054271407467214,1764640646803,cached,
1764640646823,2025-12-02 10:57:26.823,68:9E:19:03:95:84,-87,127,0.6990364260284423,4.467022095065731,1.4054271407467214,1764640646803,cached,
1764640646926,2025-12-02 10:57:26.926,68:9E:19:03:95:F1,-74,127,0.6876033014433189,4.449421101781539,1.4054271407467214,1764640646926,calculated,
1764640646935,2025-12-02 10:57:26.935,68:9E:19:03:95:84,-85,127,0.6876033014433189,4.449421101781539,1.4054271407467214,1764640646926,cached,
1764640646980,2025-12-02 10:57:26.980,AC:23:3F:26:3E:EF,-64,127,0.6876033014433189,4.449421101781539,1.4054271407467214,1764640646926,cached,
1764640647018,2025-12-02 10:57:27.018,68:9E:19:03:95:F1,-84,127,0.6876033014433189,4.449421101781539,1.4054271407467214,1764640646926,cached,
1764640647057,2025-12-02 10:57:27.057,AC:23:3F:26:3E:F2,-68,127,0.6876033014433189,4.449421101781539,1.4054271407467214,1764640646926,cached,
1764640647187,2025-12-02 10:57:27.187,AC:23:3F:26:3E:F2,-62,127,0.6200255955896448,4.3161828670541365,1.4204066518509422,1764640647187,calculated,
1764640647194,2025-12-02 10:57:27.194,AC:23:3F:26:3E:F2,-63,127,0.6200255955896448,4.3161828670541365,1.4204066518509422,1764640647187,cached,
1764640647247,2025-12-02 10:57:27.247,AC:23:3F:26:3E:F1,-76,127,0.6200255955896448,4.3161828670541365,1.4204066518509422,1764640647187,cached,
1764640647248,2025-12-02 10:57:27.248,68:9E:19:03:95:84,-84,127,0.6200255955896448,4.3161828670541365,1.4204066518509422,1764640647187,cached,
1764640647250,2025-12-02 10:57:27.250,68:9E:19:03:95:F1,-76,127,0.6200255955896448,4.3161828670541365,1.4204066518509422,1764640647187,cached,
1764640647268,2025-12-02 10:57:27.268,AC:23:3F:26:3E:EF,-68,127,0.6200255955896448,4.3161828670541365,1.4204066518509422,1764640647187,cached,
1764640647330,2025-12-02 10:57:27.330,AC:23:3F:26:3E:EF,-70,127,0.6110643522407929,4.277008353906586,1.4223081995010372,1764640647330,calculated,
1764640647351,2025-12-02 10:57:27.351,68:9E:19:03:95:84,-87,127,0.6110643522407929,4.277008353906586,1.4223081995010372,1764640647330,cached,
1764640647353,2025-12-02 10:57:27.353,68:9E:19:03:95:F1,-86,127,0.6110643522407929,4.277008353906586,1.4223081995010372,1764640647330,cached,
1764640647372,2025-12-02 10:57:27.372,AC:23:3F:26:3E:F1,-78,127,0.6110643522407929,4.277008353906586,1.4223081995010372,1764640647330,cached,
1764640647468,2025-12-02 10:57:27.468,68:9E:19:03:95:84,-84,127,0.6062695628728748,4.244942950113067,1.419399061487653,1764640647468,calculated,
1764640647504,2025-12-02 10:57:27.504,AC:23:3F:26:3E:F1,-87,127,0.6062695628728748,4.244942950113067,1.419399061487653,1764640647468,cached,
1764640647537,2025-12-02 10:57:27.537,AC:23:3F:26:3E:F1,-75,127,0.6062695628728748,4.244942950113067,1.419399061487653,1764640647468,cached,
1764640647754,2025-12-02 10:57:27.754,AC:23:3F:26:3E:F2,-70,127,0.6062695628728748,4.197824041493742,1.419399061487653,1764640647754,calculated,
1764640647767,2025-12-02 10:57:27.767,68:9E:19:03:95:84,-90,127,0.6062695628728748,4.197824041493742,1.419399061487653,1764640647754,cached,
1764640647870,2025-12-02 10:57:27.870,68:9E:19:03:95:84,-83,127,0.6062695628728748,4.119657136123084,1.4136325274514188,1764640647870,calculated,
1764640647883,2025-12-02 10:57:27.883,68:9E:19:03:95:F1,-78,127,0.6062695628728748,4.119657136123084,1.4136325274514188,1764640647870,cached,
1764640647900,2025-12-02 10:57:27.900,AC:23:3F:26:3E:F2,-68,127,0.6062695628728748,4.119657136123084,1.4136325274514188,1764640647870,cached,
1764640647918,2025-12-02 10:57:27.918,AC:23:3F:26:3E:F2,-64,127,0.6211424147633611,4.00303292632826,1.4136325274514188,1764640647918,calculated,
1764640647968,2025-12-02 10:57:27.968,AC:23:3F:26:3E:F1,-75,127,0.6211424147633611,4.00303292632826,1.4136325274514188,1764640647918,cached,
1764640647972,2025-12-02 10:57:27.972,68:9E:19:03:95:84,-86,127,0.6211424147633611,4.00303292632826,1.4136325274514188,1764640647918,cached,
1764640647979,2025-12-02 10:57:27.979,68:9E:19:03:95:F1,-76,127,0.6211424147633611,4.00303292632826,1.4136325274514188,1764640647918,cached,
1764640647983,2025-12-02 10:57:27.983,AC:23:3F:26:3E:EF,-70,127,0.6211424147633611,4.00303292632826,1.4136325274514188,1764640647918,cached,
1764640648037,2025-12-02 10:57:28.037,AC:23:3F:26:3E:EF,-69,127,0.6211424147633611,4.00303292632826,1.4136325274514188,1764640647918,cached,
1764640648084,2025-12-02 10:57:28.084,68:9E:19:03:95:84,-86,127,0.6211424147633611,4.00303292632826,1.4136325274514188,1764640647918,cached,
1764640648103,2025-12-02 10:57:28.103,68:9E:19:03:95:F1,-74,127,0.6211424147633611,4.00303292632826,1.4136325274514188,1764640647918,cached,
1764640648116,2025-12-02 10:57:28.116,AC:23:3F:26:3E:F1,-80,127,0.6211424147633611,4.00303292632826,1.4136325274514188,1764640647918,cached,
1764640648185,2025-12-02 10:57:28.185,68:9E:19:03:95:84,-88,127,0.6457939665064452,3.984864790177485,1.409367034785386,1764640648185,calculated,
1764640648194,2025-12-02 10:57:28.194,68:9E:19:03:95:F1,-74,127,0.6457939665064452,3.984864790177485,1.409367034785386,1764640648185,cached,
1764640648236,2025-12-02 10:57:28.236,AC:23:3F:26:3E:F1,-76,127,0.6829631671441351,3.881319751953745,1.4064482589111804,1764640648236,calculated,
1764640648297,2025-12-02 10:57:28.297,68:9E:19:03:95:84,-85,127,0.6829631671441351,3.881319751953745,1.4064482589111804,1764640648236,cached,
1764640648302,2025-12-02 10:57:28.302,68:9E:19:03:95:F1,-75,127,0.6829631671441351,3.881319751953745,1.4064482589111804,1764640648236,cached,
1764640648400,2025-12-02 10:57:28.400,68:9E:19:03:95:F1,-81,127,0.6829631671441351,3.881319751953745,1.4064482589111804,1764640648400,calculated,
1764640648404,2025-12-02 10:57:28.404,AC:23:3F:26:3E:EF,-70,127,0.6829631671441351,3.881319751953745,1.4064482589111804,1764640648400,cached,
1764640648450,2025-12-02 10:57:28.450,AC:23:3F:26:3E:F2,-66,127,0.6829631671441351,3.881319751953745,1.4064482589111804,1764640648400,cached,
1764640648491,2025-12-02 10:57:28.491,68:9E:19:03:95:84,-85,127,0.6829631671441351,3.810365989001289,1.4049000118403894,1764640648491,calculated,
1764640648499,2025-12-02 10:57:28.499,68:9E:19:03:95:F1,-75,127,0.6829631671441351,3.810365989001289,1.4049000118403894,1764640648491,cached,
1764640648599,2025-12-02 10:57:28.599,AC:23:3F:26:3E:F2,-82,127,0.6829631671441351,3.810365989001289,1.4049000118403894,1764640648491,cached,
1764640648614,2025-12-02 10:57:28.614,68:9E:19:03:95:84,-87,127,0.6829631671441351,3.810365989001289,1.4049000118403894,1764640648491,cached,
1764640648701,2025-12-02 10:57:28.701,AC:23:3F:26:3E:EF,-70,127,0.6842176507440825,3.809080967256537,1.3973192417055398,1764640648701,calculated,
1764640648733,2025-12-02 10:57:28.733,68:9E:19:03:95:F1,-74,127,0.6829631671441351,3.7213697021920438,1.4048810177569666,1764640648733,calculated,
1764640648817,2025-12-02 10:57:28.817,AC:23:3F:26:3E:EF,-67,127,0.6829631671441351,3.7213697021920438,1.4048810177569666,1764640648733,cached,
1764640648851,2025-12-02 10:57:28.851,AC:23:3F:26:3E:F1,-74,127,0.6829631671441351,3.7213697021920438,1.4048810177569666,1764640648733,cached,
1764640648869,2025-12-02 10:57:28.869,68:9E:19:03:95:F1,-80,127,0.6829631671441351,3.7213697021920438,1.4048810177569666,1764640648733,cached,
1764640648984,2025-12-02 10:57:28.984,AC:23:3F:26:3E:F1,-76,127,0.6717449554534699,3.6169937465275868,1.4049000118403894,1764640648984,calculated,
1764640649142,2025-12-02 10:57:29.142,AC:23:3F:26:3E:EF,-65,127,0.6717449554534699,3.6169937465275868,1.4049000118403894,1764640648984,cached,
1764640649162,2025-12-02 10:57:29.162,68:9E:19:03:95:84,-88,127,0.6717449554534699,3.6169937465275868,1.4049000118403894,1764640648984,cached,
1764640649165,2025-12-02 10:57:29.165,68:9E:19:03:95:F1,-83,127,0.6717449554534699,3.6169937465275868,1.4049000118403894,1764640648984,cached,
1764640649167,2025-12-02 10:57:29.167,AC:23:3F:26:3E:F2,-67,127,0.6717449554534699,3.6169937465275868,1.4049000118403894,1764640648984,cached,
1764640649301,2025-12-02 10:57:29.301,AC:23:3F:26:3E:F2,-77,127,0.6416844735268143,3.5208226245425407,1.4107281134094147,1764640649301,calculated,
1764640649317,2025-12-02 10:57:29.317,68:9E:19:03:95:84,-81,127,0.6416844735268143,3.5208226245425407,1.4107281134094147,1764640649301,cached,
1764640649356,2025-12-02 10:57:29.356,AC:23:3F:26:3E:F2,-72,127,0.6416844735268143,3.5208226245425407,1.4107281134094147,1764640649301,cached,
1764640649367,2025-12-02 10:57:29.367,68:9E:19:03:95:F1,-80,127,0.6416844735268143,3.5208226245425407,1.4107281134094147,1764640649301,cached,
1764640649399,2025-12-02 10:57:29.399,AC:23:3F:26:3E:F1,-80,127,0.6416844735268143,3.5208226245425407,1.4107281134094147,1764640649301,cached,
1764640649411,2025-12-02 10:57:29.411,AC:23:3F:26:3E:EF,-68,127,0.6416844735268143,3.5208226245425407,1.4107281134094147,1764640649301,cached,
1764640649445,2025-12-02 10:57:29.445,68:9E:19:03:95:84,-87,127,0.6416844735268143,3.5208226245425407,1.4107281134094147,1764640649301,cached,
1764640649477,2025-12-02 10:57:29.477,68:9E:19:03:95:F1,-87,127,0.6416844735268143,3.5208226245425407,1.4107281134094147,1764640649477,calculated,
1764640649483,2025-12-02 10:57:29.483,AC:23:3F:26:3E:EF,-72,127,0.6416844735268143,3.5208226245425407,1.4107281134094147,1764640649477,cached,
1764640649526,2025-12-02 10:57:29.526,AC:23:3F:26:3E:F1,-82,127,0.6183506729644677,3.414906657745393,1.4048810177569666,1764640649526,calculated,
1764640649578,2025-12-02 10:57:29.578,68:9E:19:03:95:F1,-74,127,0.6183506729644677,3.414906657745393,1.4048810177569666,1764640649526,cached,
1764640649673,2025-12-02 10:57:29.673,68:9E:19:03:95:F1,-74,127,0.6183506729644677,3.414906657745393,1.4048810177569666,1764640649526,cached,
1764640649716,2025-12-02 10:57:29.716,AC:23:3F:26:3E:F1,-77,127,0.6183506729644677,3.414906657745393,1.4048810177569666,1764640649526,cached,
1764640649745,2025-12-02 10:57:29.745,68:9E:19:03:95:84,-88,127,0.6024168717813978,3.414906657745393,1.4025469528225518,1764640649745,calculated,
1764640649787,2025-12-02 10:57:29.787,68:9E:19:03:95:F1,-84,127,0.6024168717813978,3.414906657745393,1.4025469528225518,1764640649745,cached,
1764640649845,2025-12-02 10:57:29.845,AC:23:3F:26:3E:EF,-77,127,0.6092775099990564,3.3821148007903457,1.4025469528225518,1764640649845,calculated,
1764640649868,2025-12-02 10:57:29.868,68:9E:19:03:95:F1,-76,127,0.6092775099990564,3.3821148007903457,1.4025469528225518,1764640649845,cached,
1764640649918,2025-12-02 10:57:29.918,AC:23:3F:26:3E:F2,-71,127,0.6092775099990564,3.3821148007903457,1.4025469528225518,1764640649845,cached,
1764640650079,2025-12-02 10:57:30.079,68:9E:19:03:95:84,-88,127,0.6024168717813978,3.3408996466173013,1.3977646204504433,1764640650079,calculated,
1764640650085,2025-12-02 10:57:30.085,68:9E:19:03:95:F1,-71,127,0.6024168717813978,3.3408996466173013,1.3977646204504433,1764640650079,cached,
1764640650175,2025-12-02 10:57:30.175,AC:23:3F:26:3E:F2,-73,127,0.6024168717813978,3.3408996466173013,1.3977646204504433,1764640650079,cached,
1764640650224,2025-12-02 10:57:30.224,AC:23:3F:26:3E:F2,-78,127,0.6024168717813978,3.3408996466173013,1.3977646204504433,1764640650079,cached,
1764640650365,2025-12-02 10:57:30.365,68:9E:19:03:95:84,-85,127,0.6092775099990564,3.262045319756724,1.3977646204504433,1764640650365,calculated,
1764640650388,2025-12-02 10:57:30.388,68:9E:19:03:95:F1,-80,127,0.6092775099990564,3.262045319756724,1.3977646204504433,1764640650365,cached,
1764640650412,2025-12-02 10:57:30.412,AC:23:3F:26:3E:F1,-83,127,0.6092775099990564,3.262045319756724,1.3977646204504433,1764640650365,cached,
1764640650425,2025-12-02 10:57:30.425,AC:23:3F:26:3E:EF,-80,127,0.6092775099990564,3.262045319756724,1.3977646204504433,1764640650365,cached,
1764640650468,2025-12-02 10:57:30.468,AC:23:3F:26:3E:EF,-67,127,0.6092775099990564,3.262045319756724,1.3977646204504433,1764640650365,cached,
1764640650484,2025-12-02 10:57:30.484,68:9E:19:03:95:F1,-70,127,0.6092775099990564,3.262045319756724,1.3977646204504433,1764640650365,cached,
1764640650487,2025-12-02 10:57:30.487,68:9E:19:03:95:84,-81,127,0.6092775099990564,3.262045319756724,1.3977646204504433,1764640650365,cached,
1764640650505,2025-12-02 10:57:30.505,68:9E:19:03:95:84,-87,127,0.6092775099990564,3.262045319756724,1.3977646204504433,1764640650365,cached,
1764640650530,2025-12-02 10:57:30.530,68:9E:19:03:95:F1,-89,127,0.6888916610790806,3.1326599090438303,1.3977646204504433,1764640650530,calculated,
1764640650534,2025-12-02 10:57:30.534,68:9E:19:03:95:F1,-74,127,0.6888916610790806,3.1326599090438303,1.3977646204504433,1764640650530,cached,
1764640650552,2025-12-02 10:57:30.552,AC:23:3F:26:3E:EF,-74,127,0.6888916610790806,3.1326599090438303,1.3977646204504433,1764640650530,cached,
1764640650636,2025-12-02 10:57:30.636,AC:23:3F:26:3E:F2,-72,127,0.7667185140154923,2.9795357421725135,1.3896109930965732,1764640650636,calculated,
1764640650664,2025-12-02 10:57:30.664,68:9E:19:03:95:84,-82,127,0.7667185140154923,2.9795357421725135,1.3896109930965732,1764640650636,cached,
1764640650671,2025-12-02 10:57:30.671,68:9E:19:03:95:F1,-71,127,0.7667185140154923,2.9795357421725135,1.3896109930965732,1764640650636,cached,
1764640650709,2025-12-02 10:57:30.709,AC:23:3F:26:3E:F2,-70,127,0.7667185140154923,2.9795357421725135,1.3896109930965732,1764640650636,cached,
1764640650728,2025-12-02 10:57:30.728,AC:23:3F:26:3E:F2,-77,127,0.7667185140154923,2.9795357421725135,1.3896109930965732,1764640650636,cached,
1764640650801,2025-12-02 10:57:30.801,AC:23:3F:26:3E:EF,-67,127,0.7667185140154923,2.9795357421725135,1.3896109930965732,1764640650801,calculated,
1764640650818,2025-12-02 10:57:30.818,68:9E:19:03:95:F1,-74,127,0.7667185140154923,2.9795357421725135,1.3896109930965732,1764640650801,cached,
1764640650843,2025-12-02 10:57:30.843,AC:23:3F:26:3E:F1,-77,127,0.7667185140154923,2.9795357421725135,1.3896109930965732,1764640650801,cached,
1764640650922,2025-12-02 10:57:30.922,AC:23:3F:26:3E:EF,-83,127,0.7636104787368457,2.8996069915493696,1.3896109930965732,1764640650922,calculated,
1764640650979,2025-12-02 10:57:30.979,68:9E:19:03:95:84,-80,127,0.7636104787368457,2.8996069915493696,1.3896109930965732,1764640650922,cached,
1764640650991,2025-12-02 10:57:30.991,AC:23:3F:26:3E:F1,-74,127,0.7636104787368457,2.8996069915493696,1.3896109930965732,1764640650922,cached,
1764640651010,2025-12-02 10:57:31.010,68:9E:19:03:95:F1,-74,127,0.7636104787368457,2.8996069915493696,1.3896109930965732,1764640650922,cached,
1764640651013,2025-12-02 10:57:31.013,68:9E:19:03:95:F1,-74,127,0.7636104787368457,2.8996069915493696,1.3896109930965732,1764640650922,cached,
1764640651131,2025-12-02 10:57:31.131,68:9E:19:03:95:F1,-77,127,0.7721013327369559,2.8869832165718434,1.3795042890157811,1764640651131,calculated,
1764640651237,2025-12-02 10:57:31.237,68:9E:19:03:95:F1,-79,127,0.7664162675632309,2.8197056146872965,1.3838492662978594,1764640651237,calculated,
1764640651238,2025-12-02 10:57:31.238,AC:23:3F:26:3E:EF,-80,127,0.7664162675632309,2.8197056146872965,1.3838492662978594,1764640651237,cached,
1764640651269,2025-12-02 10:57:31.269,AC:23:3F:26:3E:F2,-63,127,0.7664162675632309,2.8197056146872965,1.3838492662978594,1764640651237,cached,
1764640651329,2025-12-02 10:57:31.329,68:9E:19:03:95:F1,-80,127,0.7664162675632309,2.798443910535227,1.3866799636412388,1764640651329,calculated,
1764640651391,2025-12-02 10:57:31.391,AC:23:3F:26:3E:F2,-69,127,0.7664162675632309,2.798443910535227,1.3866799636412388,1764640651329,cached,
1764640651411,2025-12-02 10:57:31.411,68:9E:19:03:95:84,-77,127,0.7664162675632309,2.798443910535227,1.3866799636412388,1764640651329,cached,
1764640651449,2025-12-02 10:57:31.449,AC:23:3F:26:3E:F2,-68,127,0.7664162675632309,2.798443910535227,1.3866799636412388,1764640651449,calculated,
1764640651452,2025-12-02 10:57:31.452,68:9E:19:03:95:F1,-82,127,0.7664162675632309,2.798443910535227,1.3866799636412388,1764640651449,cached,
1764640651503,2025-12-02 10:57:31.503,AC:23:3F:26:3E:EF,-64,127,0.7664162675632309,2.798443910535227,1.3866799636412388,1764640651449,cached,
1764640651515,2025-12-02 10:57:31.515,68:9E:19:03:95:84,-87,127,0.7664162675632309,2.798443910535227,1.3866799636412388,1764640651449,cached,
1764640651532,2025-12-02 10:57:31.532,AC:23:3F:26:3E:F1,-83,127,0.7664162675632309,2.798443910535227,1.3866799636412388,1764640651449,cached,
1764640651545,2025-12-02 10:57:31.545,AC:23:3F:26:3E:F1,-96,127,0.7664162675632309,2.798443910535227,1.3866799636412388,1764640651449,cached,
1764640651600,2025-12-02 10:57:31.600,AC:23:3F:26:3E:F1,-88,127,0.7664162675632309,2.798443910535227,1.3866799636412388,1764640651449,cached,
1764640651756,2025-12-02 10:57:31.756,68:9E:19:03:95:F1,-75,127,0.7188471093732773,2.6759409412955395,1.3908908624776193,1764640651756,calculated,
1764640651793,2025-12-02 10:57:31.793,AC:23:3F:26:3E:F1,-75,127,0.7188471093732773,2.6759409412955395,1.3908908624776193,1764640651756,cached,
1764640651866,2025-12-02 10:57:31.866,68:9E:19:03:95:F1,-79,127,0.7188471093732773,2.6759409412955395,1.3908908624776193,1764640651756,cached,
1764640651938,2025-12-02 10:57:31.938,AC:23:3F:26:3E:EF,-69,127,0.6810918424509268,2.5419439029385265,1.3911913525555166,1764640651938,calculated,
1764640652081,2025-12-02 10:57:32.081,68:9E:19:03:95:F1,-73,127,0.6725327279272544,2.470112357157516,1.3963903898552357,1764640652081,calculated,
1764640652091,2025-12-02 10:57:32.091,AC:23:3F:26:3E:F2,-69,127,0.6725327279272544,2.470112357157516,1.3963903898552357,1764640652081,cached,
1764640652147,2025-12-02 10:57:32.147,68:9E:19:03:95:84,-90,127,0.6725327279272544,2.470112357157516,1.3963903898552357,1764640652081,cached,
1764640652208,2025-12-02 10:57:32.208,68:9E:19:03:95:F1,-73,127,0.6604941148791987,2.4564935122198817,1.3986301075626792,1764640652208,calculated,
1764640652214,2025-12-02 10:57:32.214,AC:23:3F:26:3E:EF,-81,127,0.6604941148791987,2.4564935122198817,1.3986301075626792,1764640652208,cached,
1764640652244,2025-12-02 10:57:32.244,AC:23:3F:26:3E:F1,-80,127,0.657738855136168,2.3919329958432813,1.3963903898552357,1764640652244,calculated,
1764640652272,2025-12-02 10:57:32.272,68:9E:19:03:95:84,-84,127,0.657738855136168,2.3919329958432813,1.3963903898552357,1764640652244,cached,
1764640652326,2025-12-02 10:57:32.326,AC:23:3F:26:3E:EF,-72,127,0.657738855136168,2.3919329958432813,1.3963903898552357,1764640652244,cached,
1764640652427,2025-12-02 10:57:32.427,68:9E:19:03:95:F1,-71,127,0.657738855136168,2.3919329958432813,1.3963903898552357,1764640652244,cached,
1764640652464,2025-12-02 10:57:32.464,68:9E:19:03:95:84,-82,127,0.656688658286112,2.3795429726358304,1.3986301075626792,1764640652464,calculated,
1764640652507,2025-12-02 10:57:32.507,AC:23:3F:26:3E:EF,-82,127,0.6604941148791987,2.275150832375604,1.4009048924189271,1764640652507,calculated,
1764640652550,2025-12-02 10:57:32.550,68:9E:19:03:95:F1,-72,127,0.6604941148791987,2.275150832375604,1.4009048924189271,1764640652507,cached,
1764640652570,2025-12-02 10:57:32.570,AC:23:3F:26:3E:F1,-81,127,0.6604941148791987,2.275150832375604,1.4009048924189271,1764640652507,cached,
1764640652574,2025-12-02 10:57:32.574,68:9E:19:03:95:84,-86,127,0.6604941148791987,2.275150832375604,1.4009048924189271,1764640652507,cached,
1764640652622,2025-12-02 10:57:32.622,68:9E:19:03:95:F1,-73,127,0.6604941148791987,2.275150832375604,1.4009048924189271,1764640652507,cached,
1764640652655,2025-12-02 10:57:32.655,AC:23:3F:26:3E:EF,-76,127,0.6604941148791987,2.275150832375604,1.4009048924189271,1764640652507,cached,
1764640652675,2025-12-02 10:57:32.675,68:9E:19:03:95:84,-78,127,0.6604941148791987,2.275150832375604,1.4009048924189271,1764640652507,cached,
1764640652705,2025-12-02 10:57:32.705,AC:23:3F:26:3E:F2,-71,127,0.6619185962857475,2.2636292624707566,1.4009048924189271,1764640652705,calculated,
1764640652754,2025-12-02 10:57:32.754,68:9E:19:03:95:F1,-73,127,0.6619185962857475,2.2636292624707566,1.4009048924189271,1764640652754,calculated,
1764640652784,2025-12-02 10:57:32.784,68:9E:19:03:95:84,-88,127,0.6619185962857475,2.2636292624707566,1.4009048924189271,1764640652754,cached,
1764640652836,2025-12-02 10:57:32.836,68:9E:19:03:95:F1,-74,127,0.6619185962857475,2.2636292624707566,1.4009048924189271,1764640652754,cached,
1764640652847,2025-12-02 10:57:32.847,AC:23:3F:26:3E:F2,-72,127,0.6619185962857475,2.2636292624707566,1.4009048924189271,1764640652754,cached,
1764640652906,2025-12-02 10:57:32.906,68:9E:19:03:95:84,-86,127,0.6619185962857475,2.2636292624707566,1.4009048924189271,1764640652754,cached,
1764640652920,2025-12-02 10:57:32.920,AC:23:3F:26:3E:EF,-68,127,0.6619185962857475,2.2636292624707566,1.4009048924189271,1764640652754,cached,
1764640652985,2025-12-02 10:57:32.985,68:9E:19:03:95:84,-88,127,0.6894673901194833,2.1345091825924847,1.4009048924189271,1764640652985,calculated,
1764640653032,2025-12-02 10:57:33.032,AC:23:3F:26:3E:F1,-78,127,0.6894673901194833,2.1345091825924847,1.4009048924189271,1764640652985,cached,
1764640653040,2025-12-02 10:57:33.040,AC:23:3F:26:3E:EF,-80,127,0.7164789286176303,2.0441085893615187,1.3979758443045132,1764640653040,calculated,
1764640653050,2025-12-02 10:57:33.050,68:9E:19:03:95:F1,-74,127,0.7164789286176303,2.0441085893615187,1.3979758443045132,1764640653040,cached,
1764640653093,2025-12-02 10:57:33.093,68:9E:19:03:95:84,-82,127,0.7164789286176303,2.0441085893615187,1.3979758443045132,1764640653040,cached,
1764640653135,2025-12-02 10:57:33.135,68:9E:19:03:95:F1,-69,127,0.7164789286176303,2.0441085893615187,1.3979758443045132,1764640653040,cached,
1764640653254,2025-12-02 10:57:33.254,68:9E:19:03:95:F1,-74,127,0.7221535097082523,2.033213503395716,1.3979758443045132,1764640653254,calculated,
1764640653298,2025-12-02 10:57:33.298,68:9E:19:03:95:84,-80,127,0.7221535097082523,2.033213503395716,1.3979758443045132,1764640653254,cached,
1764640653401,2025-12-02 10:57:33.401,AC:23:3F:26:3E:F2,-72,127,0.7221535097082523,1.9559061534102153,1.3949884373907826,1764640653401,calculated,
1764640653466,2025-12-02 10:57:33.466,68:9E:19:03:95:F1,-71,127,0.7221535097082523,1.9559061534102153,1.3949884373907826,1764640653401,cached,
1764640653492,2025-12-02 10:57:33.492,AC:23:3F:26:3E:F2,-72,127,0.7377721192866347,1.9503362006312988,1.3853560718093936,1764640653492,calculated,
1764640653560,2025-12-02 10:57:33.560,68:9E:19:03:95:F1,-69,127,0.7377721192866347,1.9503362006312988,1.3853560718093936,1764640653492,cached,
1764640653575,2025-12-02 10:57:33.575,AC:23:3F:26:3E:F2,-68,127,0.7377721192866347,1.9503362006312988,1.3853560718093936,1764640653492,cached,
1764640653612,2025-12-02 10:57:33.612,AC:23:3F:26:3E:EF,-71,127,0.7377721192866347,1.9503362006312988,1.3853560718093936,1764640653492,cached,
1764640653638,2025-12-02 10:57:33.638,68:9E:19:03:95:84,-90,127,0.7197539657029695,1.943507519091153,1.3891774199180007,1764640653638,calculated,
1764640653663,2025-12-02 10:57:33.663,AC:23:3F:26:3E:F1,-78,127,0.7197539657029695,1.943507519091153,1.3891774199180007,1764640653638,cached,
1764640653677,2025-12-02 10:57:33.677,68:9E:19:03:95:F1,-81,127,0.7197539657029695,1.943507519091153,1.3891774199180007,1764640653638,cached,
1764640653751,2025-12-02 10:57:33.751,AC:23:3F:26:3E:EF,-67,127,0.6972875699337104,1.8427911549978735,1.3847942451212207,1764640653751,calculated,
1764640653783,2025-12-02 10:57:33.783,68:9E:19:03:95:F1,-75,127,0.6972875699337104,1.8427911549978735,1.3847942451212207,1764640653751,cached,
1764640653882,2025-12-02 10:57:33.882,68:9E:19:03:95:F1,-74,127,0.6675674504405035,1.7109451221472258,1.3909274848716793,1764640653882,calculated,
1764640653965,2025-12-02 10:57:33.965,68:9E:19:03:95:84,-85,127,0.6675674504405035,1.7109451221472258,1.3909274848716793,1764640653882,cached,
1764640653983,2025-12-02 10:57:33.983,AC:23:3F:26:3E:F1,-80,127,0.6675674504405035,1.7109451221472258,1.3909274848716793,1764640653882,cached,
1764640653991,2025-12-02 10:57:33.991,68:9E:19:03:95:F1,-72,127,0.6675674504405035,1.7109451221472258,1.3909274848716793,1764640653882,cached,
1764640654077,2025-12-02 10:57:34.077,AC:23:3F:26:3E:EF,-67,127,0.6675674504405035,1.7109451221472258,1.3909274848716793,1764640654077,calculated,
1764640654101,2025-12-02 10:57:34.101,68:9E:19:03:95:F1,-75,127,0.6675674504405035,1.7109451221472258,1.3909274848716793,1764640654077,cached,
1764640654106,2025-12-02 10:57:34.106,AC:23:3F:26:3E:F2,-66,127,0.6675674504405035,1.7109451221472258,1.3909274848716793,1764640654077,cached,
1764640654143,2025-12-02 10:57:34.143,68:9E:19:03:95:84,-91,127,0.6675674504405035,1.7109451221472258,1.3909274848716793,1764640654077,cached,
1764640654192,2025-12-02 10:57:34.192,68:9E:19:03:95:F1,-74,127,0.6524189347062566,1.6237949272701144,1.399355541540167,1764640654192,calculated,
1764640654242,2025-12-02 10:57:34.242,68:9E:19:03:95:84,-89,127,0.6524189347062566,1.6237949272701144,1.399355541540167,1764640654192,cached,
1764640654263,2025-12-02 10:57:34.263,AC:23:3F:26:3E:F2,-74,127,0.6524189347062566,1.6237949272701144,1.399355541540167,1764640654192,cached,
1764640654302,2025-12-02 10:57:34.302,68:9E:19:03:95:F1,-72,127,0.6524189347062566,1.6237949272701144,1.399355541540167,1764640654192,cached,
1764640654312,2025-12-02 10:57:34.312,AC:23:3F:26:3E:EF,-69,127,0.6524189347062566,1.6237949272701144,1.399355541540167,1764640654192,cached,
1764640654350,2025-12-02 10:57:34.350,68:9E:19:03:95:84,-85,127,0.6457006223879039,1.5992805720053842,1.4139648999457193,1764640654350,calculated,
1764640654405,2025-12-02 10:57:34.405,68:9E:19:03:95:F1,-72,127,0.6457006223879039,1.5992805720053842,1.4139648999457193,1764640654350,cached,
1764640654430,2025-12-02 10:57:34.430,AC:23:3F:26:3E:F1,-78,127,0.6457006223879039,1.5992805720053842,1.4139648999457193,1764640654350,cached,
1764640654462,2025-12-02 10:57:34.462,AC:23:3F:26:3E:EF,-70,127,0.6457006223879039,1.5240812540526552,1.414547417063765,1764640654462,calculated,
1764640654464,2025-12-02 10:57:34.464,68:9E:19:03:95:84,-83,127,0.6457006223879039,1.5240812540526552,1.414547417063765,1764640654462,cached,
1764640654524,2025-12-02 10:57:34.524,68:9E:19:03:95:F1,-71,127,0.6457006223879039,1.5240812540526552,1.414547417063765,1764640654462,cached,
1764640654567,2025-12-02 10:57:34.567,68:9E:19:03:95:84,-89,127,0.6457006223879039,1.5240812540526552,1.414547417063765,1764640654462,cached,
1764640654681,2025-12-02 10:57:34.681,68:9E:19:03:95:84,-85,127,0.6457006223879039,1.5206022383217133,1.4156360871056894,1764640654681,calculated,
1764640654723,2025-12-02 10:57:34.723,68:9E:19:03:95:F1,-86,127,0.6471120459930562,1.4631133141079158,1.4156360871056894,1764640654723,calculated,
1764640654772,2025-12-02 10:57:34.772,AC:23:3F:26:3E:EF,-69,127,0.6471120459930562,1.4631133141079158,1.4156360871056894,1764640654723,cached,
1764640654807,2025-12-02 10:57:34.807,AC:23:3F:26:3E:F2,-75,127,0.6471120459930562,1.4631133141079158,1.4156360871056894,1764640654723,cached,
1764640654826,2025-12-02 10:57:34.826,68:9E:19:03:95:F1,-74,127,0.6471120459930562,1.4631133141079158,1.4156360871056894,1764640654723,cached,
1764640654885,2025-12-02 10:57:34.885,68:9E:19:03:95:84,-87,127,0.6471120459930562,1.4621655669004412,1.4156360871056894,1764640654885,calculated,
1764640654890,2025-12-02 10:57:34.890,AC:23:3F:26:3E:F2,-80,127,0.6471120459930562,1.4621655669004412,1.4156360871056894,1764640654885,cached,
1764640654936,2025-12-02 10:57:34.936,68:9E:19:03:95:F1,-77,127,0.6471120459930562,1.4621655669004412,1.4156360871056894,1764640654885,cached,
1764640654985,2025-12-02 10:57:34.985,AC:23:3F:26:3E:F2,-76,127,0.6493861521602147,1.451662999052884,1.414547417063765,1764640654985,calculated,
1764640655044,2025-12-02 10:57:35.044,68:9E:19:03:95:F1,-72,127,0.6493861521602147,1.451662999052884,1.414547417063765,1764640654985,cached,
1764640655093,2025-12-02 10:57:35.093,68:9E:19:03:95:84,-81,127,0.6493861521602147,1.451662999052884,1.414547417063765,1764640654985,cached,
1764640655162,2025-12-02 10:57:35.162,AC:23:3F:26:3E:EF,-84,127,0.6493861521602147,1.451662999052884,1.414547417063765,1764640654985,cached,
1764640655365,2025-12-02 10:57:35.365,68:9E:19:03:95:F1,-72,127,0.676602443985442,1.3487019294647542,1.4129209427566107,1764640655365,calculated,
1764640655391,2025-12-02 10:57:35.391,AC:23:3F:26:3E:F1,-77,127,0.676602443985442,1.3487019294647542,1.4129209427566107,1764640655365,cached,
1764640655414,2025-12-02 10:57:35.414,68:9E:19:03:95:84,-83,127,0.676602443985442,1.3487019294647542,1.4129209427566107,1764640655365,cached,
1764640655462,2025-12-02 10:57:35.462,68:9E:19:03:95:F1,-75,127,0.6838460427902903,1.252368191264058,1.4065223507215519,1764640655462,calculated,
1764640655487,2025-12-02 10:57:35.487,AC:23:3F:26:3E:EF,-72,127,0.6838460427902903,1.252368191264058,1.4065223507215519,1764640655462,cached,
1764640655516,2025-12-02 10:57:35.516,68:9E:19:03:95:84,-94,127,0.6912462599869532,1.2518419184831593,1.4065223507215519,1764640655516,calculated,
1764640655551,2025-12-02 10:57:35.551,AC:23:3F:26:3E:F2,-67,127,0.6912462599869532,1.2518419184831593,1.4065223507215519,1764640655516,cached,
1764640655592,2025-12-02 10:57:35.592,68:9E:19:03:95:F1,-74,127,0.6912462599869532,1.2518419184831593,1.4065223507215519,1764640655516,cached,
1764640655611,2025-12-02 10:57:35.611,AC:23:3F:26:3E:F2,-67,127,0.6912462599869532,1.2518419184831593,1.4065223507215519,1764640655516,cached,
1764640655640,2025-12-02 10:57:35.640,68:9E:19:03:95:84,-78,127,0.6912462599869532,1.2518419184831593,1.4065223507215519,1764640655516,cached,
1764640655680,2025-12-02 10:57:35.680,68:9E:19:03:95:F1,-76,127,0.6912462599869532,1.2518419184831593,1.4065223507215519,1764640655516,cached,
1764640655726,2025-12-02 10:57:35.726,AC:23:3F:26:3E:EF,-81,127,0.7124410189638845,1.2001923349722807,1.4065223507215519,1764640655726,calculated,
1764640655772,2025-12-02 10:57:35.772,68:9E:19:03:95:F1,-76,127,0.7124410189638845,1.2001923349722807,1.4065223507215519,1764640655726,cached,
1764640655882,2025-12-02 10:57:35.882,AC:23:3F:26:3E:EF,-75,127,0.7124410189638845,1.1998019890985505,1.4065223507215519,1764640655882,calculated,
1764640655888,2025-12-02 10:57:35.888,68:9E:19:03:95:F1,-74,127,0.7124410189638845,1.1998019890985505,1.4065223507215519,1764640655882,cached,
1764640655938,2025-12-02 10:57:35.938,68:9E:19:03:95:84,-80,127,0.7124410189638845,1.1998019890985505,1.4065223507215519,1764640655882,cached,
1764640655991,2025-12-02 10:57:35.991,68:9E:19:03:95:F1,-77,127,0.7124410189638845,1.1809007506392641,1.4065223507215519,1764640655991,calculated,
1764640656077,2025-12-02 10:57:36.077,AC:23:3F:26:3E:F1,-81,127,0.7124410189638845,1.1809007506392641,1.4065223507215519,1764640655991,cached,
1764640656106,2025-12-02 10:57:36.106,68:9E:19:03:95:F1,-75,127,0.7169778259486481,1.1721744829612442,1.4065223507215519,1764640656106,calculated,
1764640656218,2025-12-02 10:57:36.218,68:9E:19:03:95:84,-79,127,0.7169778259486481,1.1721744829612442,1.4065223507215519,1764640656106,cached,
1764640656278,2025-12-02 10:57:36.278,AC:23:3F:26:3E:EF,-75,127,0.7173637497107843,1.1517630862135668,1.397961759963421,1764640656278,calculated,
1764640657379,2025-12-02 10:57:37.379,68:9E:19:03:95:F1,-74,127,0.7173637497107843,1.1517630862135668,1.397961759963421,1764640656278,no_images,
1764640657381,2025-12-02 10:57:37.381,AC:23:3F:26:3E:F2,-80,127,0.7173637497107843,1.1517630862135668,1.397961759963421,1764640656278,no_images,
1764640657384,2025-12-02 10:57:37.384,68:9E:19:03:95:84,-81,127,0.7173637497107843,1.1517630862135668,1.397961759963421,1764640656278,no_images,
